axis,axis_tag,model,noise,snr_db,delta_db,p_holm,verdict
D0 합성,d0,M06,백색잡음,-5,-0.63,7.958078640513122e-13,손해
D0 합성,d0,M06,전원선 60Hz,-5,3.741,1.0800249583553523e-09,이득
D0 합성,d0,M06,기저선 변동,-5,1.498,0.0003654219867712527,이득
D0 합성,d0,M06,근전도(MA),-5,-0.973,2.0463630789890885e-12,손해
D0 합성,d0,M06,전극 움직임(EM),-5,-0.255,0.24566128711353485,n.s.
D0 합성,d0,M06,임펄스,-5,-3.049,2.8421709430404007e-12,손해
D0 합성,d0,M06,혼합,-5,0.653,0.24566128711353485,n.s.
D0 합성,d0,M06,백색잡음,0,-0.251,1.3662372566614067e-07,손해
D0 합성,d0,M06,전원선 60Hz,0,5.941,3.5572611523093656e-10,이득
D0 합성,d0,M06,기저선 변동,0,2.12,2.0604209112207172e-05,이득
D0 합성,d0,M06,근전도(MA),0,-0.676,1.193820935441181e-07,손해
D0 합성,d0,M06,전극 움직임(EM),0,0.73,0.0027169844643140095,이득
D0 합성,d0,M06,임펄스,0,-0.428,0.06747004004739665,n.s.
D0 합성,d0,M06,혼합,0,1.109,0.0016699078784085941,이득
D0 합성,d0,M06,백색잡음,5,-0.249,0.003106607922291005,손해
D0 합성,d0,M06,전원선 60Hz,5,7.379,3.5572611523093656e-10,이득
D0 합성,d0,M06,기저선 변동,5,3.154,1.476212219131412e-07,이득
D0 합성,d0,M06,근전도(MA),5,-0.151,0.3755955050718285,n.s.
D0 합성,d0,M06,전극 움직임(EM),5,1.545,7.229391485452652e-05,이득
D0 합성,d0,M06,임펄스,5,1.145,0.0021277012689324692,이득
D0 합성,d0,M06,혼합,5,1.391,0.0006424975672416622,이득
D0 합성,d0,M06,백색잡음,10,-0.082,0.9217797570671564,n.s.
D0 합성,d0,M06,전원선 60Hz,10,8.064,3.5572611523093656e-10,이득
D0 합성,d0,M06,기저선 변동,10,4.693,8.601546142017469e-10,이득
D0 합성,d0,M06,근전도(MA),10,0.857,0.0019732588077658875,이득
D0 합성,d0,M06,전극 움직임(EM),10,2.356,1.1433047575337696e-06,이득
D0 합성,d0,M06,임펄스,10,1.737,3.3193688182109327e-05,이득
D0 합성,d0,M06,혼합,10,1.962,7.286309482879005e-06,이득
D0 합성,d0,M06,백색잡음,15,0.791,0.0005044429769895942,이득
D0 합성,d0,M06,전원선 60Hz,15,8.326,3.5572611523093656e-10,이득
D0 합성,d0,M06,기저선 변동,15,6.417,3.5572611523093656e-10,이득
D0 합성,d0,M06,근전도(MA),15,2.512,2.7196574592380784e-07,이득
D0 합성,d0,M06,전극 움직임(EM),15,3.32,1.2360601431282703e-08,이득
D0 합성,d0,M06,임펄스,15,2.294,2.666826958375168e-06,이득
D0 합성,d0,M06,혼합,15,3.026,1.4900479072821327e-07,이득
D0 합성,d0,M06,백색잡음,20,2.558,4.562241429084679e-08,이득
D0 합성,d0,M06,전원선 60Hz,20,8.416,3.5572611523093656e-10,이득
D0 합성,d0,M06,기저선 변동,20,7.729,3.5572611523093656e-10,이득
D0 합성,d0,M06,근전도(MA),20,4.679,3.637978807091713e-10,이득
D0 합성,d0,M06,전극 움직임(EM),20,4.503,3.637978807091713e-10,이득
D0 합성,d0,M06,임펄스,20,3.686,1.1318661563564092e-09,이득
D0 합성,d0,M06,혼합,20,4.457,4.3007730710087344e-10,이득
D0 합성,d0,M06,백색잡음,25,4.826,3.5572611523093656e-10,이득
D0 합성,d0,M06,전원선 60Hz,25,8.436,3.5572611523093656e-10,이득
D0 합성,d0,M06,기저선 변동,25,8.425,3.5572611523093656e-10,이득
D0 합성,d0,M06,근전도(MA),25,6.673,3.5572611523093656e-10,이득
D0 합성,d0,M06,전극 움직임(EM),25,5.882,3.5572611523093656e-10,이득
D0 합성,d0,M06,임펄스,25,5.256,3.5572611523093656e-10,이득
D0 합성,d0,M06,혼합,25,5.963,3.5572611523093656e-10,이득
D0 합성,d0,M08,백색잡음,-5,-0.389,0.0019187887123734981,손해
D0 합성,d0,M08,전원선 60Hz,-5,1.56,0.01148594268670422,이득
D0 합성,d0,M08,기저선 변동,-5,0.258,0.4913225742270697,n.s.
D0 합성,d0,M08,근전도(MA),-5,0.199,0.5158973223888097,n.s.
D0 합성,d0,M08,전극 움직임(EM),-5,-0.101,0.7594410668136788,n.s.
D0 합성,d0,M08,임펄스,-5,0.798,0.002478972448670902,이득
D0 합성,d0,M08,혼합,-5,0.235,0.5158973223888097,n.s.
D0 합성,d0,M08,백색잡음,0,-0.295,0.2234935040014534,n.s.
D0 합성,d0,M08,전원선 60Hz,0,4.338,1.1785118658735882e-08,이득
D0 합성,d0,M08,기저선 변동,0,0.613,0.02835515737967853,이득
D0 합성,d0,M08,근전도(MA),0,0.677,0.001234026621546036,이득
D0 합성,d0,M08,전극 움직임(EM),0,0.114,0.26294445817813994,n.s.
D0 합성,d0,M08,임펄스,0,1.215,1.2741314776576473e-05,이득
D0 합성,d0,M08,혼합,0,0.573,0.021569224749327987,이득
D0 합성,d0,M08,백색잡음,5,-0.276,0.8217495229185943,n.s.
D0 합성,d0,M08,전원선 60Hz,5,7.45,7.958078640513122e-12,이득
D0 합성,d0,M08,기저선 변동,5,1.853,7.934090717753861e-07,이득
D0 합성,d0,M08,근전도(MA),5,0.674,0.001052383949513569,이득
D0 합성,d0,M08,전극 움직임(EM),5,0.536,0.003272254947660258,이득
D0 합성,d0,M08,임펄스,5,0.368,0.15788018567263862,n.s.
D0 합성,d0,M08,혼합,5,0.715,0.006891565612022532,이득
D0 합성,d0,M08,백색잡음,10,-0.281,1.0,n.s.
D0 합성,d0,M08,전원선 60Hz,10,10.066,3.979039320256561e-12,이득
D0 합성,d0,M08,기저선 변동,10,4.229,1.88606463780161e-09,이득
D0 합성,d0,M08,근전도(MA),10,1.092,6.178437570270034e-05,이득
D0 합성,d0,M08,전극 움직임(EM),10,1.135,1.1456864399406186e-05,이득
D0 합성,d0,M08,임펄스,10,-0.148,0.7141173918428194,n.s.
D0 합성,d0,M08,혼합,10,1.212,0.0013033543957590155,이득
D0 합성,d0,M08,백색잡음,15,-0.16,0.8127706776051582,n.s.
D0 합성,d0,M08,전원선 60Hz,15,11.879,3.979039320256561e-12,이득
D0 합성,d0,M08,기저선 변동,15,7.422,6.821210263296962e-12,이득
D0 합성,d0,M08,근전도(MA),15,1.953,2.0014831534354016e-06,이득
D0 합성,d0,M08,전극 움직임(EM),15,1.989,2.2811207145423396e-07,이득
D0 합성,d0,M08,임펄스,15,0.284,0.4869985583086418,n.s.
D0 합성,d0,M08,혼합,15,2.088,8.813260717488447e-05,이득
D0 합성,d0,M08,백색잡음,20,0.789,0.0018519925074542698,이득
D0 합성,d0,M08,전원선 60Hz,20,12.891,3.979039320256561e-12,이득
D0 합성,d0,M08,기저선 변동,20,10.822,3.979039320256561e-12,이득
D0 합성,d0,M08,근전도(MA),20,3.361,1.4349552657222375e-08,이득
D0 합성,d0,M08,전극 움직임(EM),20,3.356,1.2360601431282703e-08,이득
D0 합성,d0,M08,임펄스,20,1.752,5.329060968506383e-06,이득
D0 합성,d0,M08,혼합,20,3.648,4.810658538190182e-08,이득
D0 합성,d0,M08,백색잡음,25,3.323,2.17801243707072e-09,이득
D0 합성,d0,M08,전원선 60Hz,25,13.434,3.979039320256561e-12,이득
D0 합성,d0,M08,기저선 변동,25,13.648,3.979039320256561e-12,이득
D0 합성,d0,M08,근전도(MA),25,5.706,6.252776074688882e-11,이득
D0 합성,d0,M08,전극 움직임(EM),25,5.574,6.252776074688882e-11,이득
D0 합성,d0,M08,임펄스,25,3.679,1.724401954561472e-09,이득
D0 합성,d0,M08,혼합,25,5.995,1.0470557754160836e-10,이득
D1 실데이터,d1,M06,백색잡음,-5,-0.274,5.138645065017045e-10,손해
D1 실데이터,d1,M06,전원선 60Hz,-5,1.512,1.7761012713890523e-06,이득
D1 실데이터,d1,M06,기저선 변동,-5,-0.808,0.0004567337889511691,손해
D1 실데이터,d1,M06,근전도(MA),-5,-0.532,1.4900479072821327e-07,손해
D1 실데이터,d1,M06,전극 움직임(EM),-5,-3.844,7.958078640513122e-13,손해
D1 실데이터,d1,M06,임펄스,-5,-3.69,1.2960299500264227e-11,손해
D1 실데이터,d1,M06,혼합,-5,-1.285,2.1006287624913966e-06,손해
D1 실데이터,d1,M06,백색잡음,0,-0.288,1.6390345081163105e-06,손해
D1 실데이터,d1,M06,전원선 60Hz,0,1.899,4.468813585845055e-06,이득
D1 실데이터,d1,M06,기저선 변동,0,0.391,0.8421116274603264,n.s.
D1 실데이터,d1,M06,근전도(MA),0,0.027,0.8421116274603264,n.s.
D1 실데이터,d1,M06,전극 움직임(EM),0,-2.037,1.0902567737502977e-10,손해
D1 실데이터,d1,M06,임펄스,0,-0.418,0.3352402560021801,n.s.
D1 실데이터,d1,M06,혼합,0,-0.599,0.00025903049663611455,손해
D1 실데이터,d1,M06,백색잡음,5,-0.137,0.32730100793241945,n.s.
D1 실데이터,d1,M06,전원선 60Hz,5,2.28,6.30188628747419e-06,이득
D1 실데이터,d1,M06,기저선 변동,5,2.181,5.3137626991883735e-06,이득
D1 실데이터,d1,M06,근전도(MA),5,0.561,7.723046962837543e-05,이득
D1 실데이터,d1,M06,전극 움직임(EM),5,-1.038,7.723046962837543e-05,손해
D1 실데이터,d1,M06,임펄스,5,0.326,0.32730100793241945,n.s.
D1 실데이터,d1,M06,혼합,5,-0.011,0.32730100793241945,n.s.
D1 실데이터,d1,M06,백색잡음,10,0.356,6.178437570270034e-05,이득
D1 실데이터,d1,M06,전원선 60Hz,10,4.0,1.1497832019813359e-08,이득
D1 실데이터,d1,M06,기저선 변동,10,4.556,6.921140993654262e-09,이득
D1 실데이터,d1,M06,근전도(MA),10,1.217,7.955077307997271e-07,이득
D1 실데이터,d1,M06,전극 움직임(EM),10,-0.427,0.07793096271973354,n.s.
D1 실데이터,d1,M06,임펄스,10,0.801,0.11165233987776446,n.s.
D1 실데이터,d1,M06,혼합,10,0.727,0.7506534659906947,n.s.
D1 실데이터,d1,M06,백색잡음,15,0.846,2.177655915147625e-06,이득
D1 실데이터,d1,M06,전원선 60Hz,15,6.503,1.180183062388096e-09,이득
D1 실데이터,d1,M06,기저선 변동,15,7.211,1.180183062388096e-09,이득
D1 실데이터,d1,M06,근전도(MA),15,1.87,5.151036930328701e-08,이득
D1 실데이터,d1,M06,전극 움직임(EM),15,0.689,0.0748677049273283,n.s.
D1 실데이터,d1,M06,임펄스,15,1.189,0.0748677049273283,n.s.
D1 실데이터,d1,M06,혼합,15,1.907,0.004262514056108557,이득
D1 실데이터,d1,M06,백색잡음,20,1.164,1.3672666455022409e-05,이득
D1 실데이터,d1,M06,전원선 60Hz,20,9.078,8.507186066708528e-10,이득
D1 실데이터,d1,M06,기저선 변동,20,9.752,8.507186066708528e-10,이득
D1 실데이터,d1,M06,근전도(MA),20,2.618,1.793694082152797e-08,이득
D1 실데이터,d1,M06,전극 움직임(EM),20,2.379,2.228339326393325e-07,이득
D1 실데이터,d1,M06,임펄스,20,1.914,8.179178018963285e-05,이득
D1 실데이터,d1,M06,혼합,20,3.337,3.2889010981307365e-07,이득
D1 실데이터,d1,M06,백색잡음,25,2.017,2.2866095150675392e-07,이득
D1 실데이터,d1,M06,전원선 60Hz,25,11.138,7.194103091023862e-10,이득
D1 실데이터,d1,M06,기저선 변동,25,11.896,7.291873771464452e-10,이득
D1 실데이터,d1,M06,근전도(MA),25,3.474,3.9549377106595784e-09,이득
D1 실데이터,d1,M06,전극 움직임(EM),25,4.786,3.9549377106595784e-09,이득
D1 실데이터,d1,M06,임펄스,25,3.053,2.875253812817391e-08,이득
D1 실데이터,d1,M06,혼합,25,5.081,3.752802513190545e-09,이득
D1 실데이터,d1,M08,백색잡음,-5,-0.157,0.032720659822075504,손해
D1 실데이터,d1,M08,전원선 60Hz,-5,1.877,0.0005756389941780071,이득
D1 실데이터,d1,M08,기저선 변동,-5,-0.591,0.00017705851973914832,손해
D1 실데이터,d1,M08,근전도(MA),-5,1.445,7.958078640513122e-13,이득
D1 실데이터,d1,M08,전극 움직임(EM),-5,0.927,1.8560406715550926e-05,이득
D1 실데이터,d1,M08,임펄스,-5,0.339,0.0748677049273283,n.s.
D1 실데이터,d1,M08,혼합,-5,0.015,0.5059169405730017,n.s.
D1 실데이터,d1,M08,백색잡음,0,-0.141,0.5563993179998761,n.s.
D1 실데이터,d1,M08,전원선 60Hz,0,1.776,0.009319823766873014,이득
D1 실데이터,d1,M08,기저선 변동,0,-0.204,0.5563993179998761,n.s.
D1 실데이터,d1,M08,근전도(MA),0,1.025,2.3535380933026318e-07,이득
D1 실데이터,d1,M08,전극 움직임(EM),0,0.349,0.3651244859520375,n.s.
D1 실데이터,d1,M08,임펄스,0,0.365,0.3651244859520375,n.s.
D1 실데이터,d1,M08,혼합,0,-0.1,0.3651244859520375,n.s.
D1 실데이터,d1,M08,백색잡음,5,-0.026,1.0,n.s.
D1 실데이터,d1,M08,전원선 60Hz,5,2.0,0.01773611017370058,이득
D1 실데이터,d1,M08,기저선 변동,5,0.979,0.04084367095742891,이득
D1 실데이터,d1,M08,근전도(MA),5,0.714,0.0027497816907953165,이득
D1 실데이터,d1,M08,전극 움직임(EM),5,-0.284,0.2698801601895866,n.s.
D1 실데이터,d1,M08,임펄스,5,0.055,1.0,n.s.
D1 실데이터,d1,M08,혼합,5,-0.191,0.2698801601895866,n.s.
D1 실데이터,d1,M08,백색잡음,10,0.12,0.4424854641067668,n.s.
D1 실데이터,d1,M08,전원선 60Hz,10,2.616,0.002240428943423467,이득
D1 실데이터,d1,M08,기저선 변동,10,2.878,7.745193909158843e-05,이득
D1 실데이터,d1,M08,근전도(MA),10,0.583,0.043949058994599,이득
D1 실데이터,d1,M08,전극 움직임(EM),10,-0.367,0.2627836424121597,n.s.
D1 실데이터,d1,M08,임펄스,10,-0.216,0.4424854641067668,n.s.
D1 실데이터,d1,M08,혼합,10,-0.069,0.4424854641067668,n.s.
D1 실데이터,d1,M08,백색잡음,15,-0.099,1.0,n.s.
D1 실데이터,d1,M08,전원선 60Hz,15,4.154,4.71506793928711e-05,이득
D1 실데이터,d1,M08,기저선 변동,15,5.182,2.088292148982873e-06,이득
D1 실데이터,d1,M08,근전도(MA),15,0.455,0.18716926231832076,n.s.
D1 실데이터,d1,M08,전극 움직임(EM),15,0.041,1.0,n.s.
D1 실데이터,d1,M08,임펄스,15,-0.366,1.0,n.s.
D1 실데이터,d1,M08,혼합,15,0.289,1.0,n.s.
D1 실데이터,d1,M08,백색잡음,20,-0.53,0.1674785098166467,n.s.
D1 실데이터,d1,M08,전원선 60Hz,20,6.764,4.194525217826595e-06,이득
D1 실데이터,d1,M08,기저선 변동,20,7.549,1.6006266605472774e-06,이득
D1 실데이터,d1,M08,근전도(MA),20,0.595,0.1674785098166467,n.s.
D1 실데이터,d1,M08,전극 움직임(EM),20,1.031,0.03264882732423757,이득
D1 실데이터,d1,M08,임펄스,20,0.1,0.9861753681161645,n.s.
D1 실데이터,d1,M08,혼합,20,1.204,0.05963594607601408,n.s.
D1 실데이터,d1,M08,백색잡음,25,-0.056,0.9677495535080425,n.s.
D1 실데이터,d1,M08,전원선 60Hz,25,8.946,1.6006266605472774e-06,이득
D1 실데이터,d1,M08,기저선 변동,25,9.768,1.6006266605472774e-06,이득
D1 실데이터,d1,M08,근전도(MA),25,1.045,0.04472695955701056,이득
D1 실데이터,d1,M08,전극 움직임(EM),25,2.99,1.5467005596292438e-05,이득
D1 실데이터,d1,M08,임펄스,25,1.05,0.04472695955701056,이득
D1 실데이터,d1,M08,혼합,25,2.671,0.0007561909733340144,이득
