axis,snr_db,record,seg,contrast_db,sign
D1 실데이터,-5,100,0,4.276,딥러닝 우세
D1 실데이터,-5,100,1,7.262,딥러닝 우세
D1 실데이터,-5,103,0,10.16,딥러닝 우세
D1 실데이터,-5,103,1,1.197,딥러닝 우세
D1 실데이터,-5,105,0,14.73,딥러닝 우세
D1 실데이터,-5,105,1,-4.057,front-end 우세
D1 실데이터,-5,111,0,10.732,딥러닝 우세
D1 실데이터,-5,111,1,10.589,딥러닝 우세
D1 실데이터,-5,113,0,11.198,딥러닝 우세
D1 실데이터,-5,113,1,5.503,딥러닝 우세
D1 실데이터,-5,117,0,5.887,딥러닝 우세
D1 실데이터,-5,117,1,4.558,딥러닝 우세
D1 실데이터,-5,121,0,9.949,딥러닝 우세
D1 실데이터,-5,121,1,9.886,딥러닝 우세
D1 실데이터,-5,123,0,6.838,딥러닝 우세
D1 실데이터,-5,123,1,7.185,딥러닝 우세
D1 실데이터,-5,200,0,3.954,딥러닝 우세
D1 실데이터,-5,200,1,7.608,딥러닝 우세
D1 실데이터,-5,202,0,6.372,딥러닝 우세
D1 실데이터,-5,202,1,7.885,딥러닝 우세
D1 실데이터,-5,210,0,10.833,딥러닝 우세
D1 실데이터,-5,210,1,6.129,딥러닝 우세
D1 실데이터,-5,212,0,4.24,딥러닝 우세
D1 실데이터,-5,212,1,8.948,딥러닝 우세
D1 실데이터,-5,213,0,5.175,딥러닝 우세
D1 실데이터,-5,213,1,11.04,딥러닝 우세
D1 실데이터,-5,214,0,13.232,딥러닝 우세
D1 실데이터,-5,214,1,12.256,딥러닝 우세
D1 실데이터,-5,219,0,12.899,딥러닝 우세
D1 실데이터,-5,219,1,5.664,딥러닝 우세
D1 실데이터,-5,221,0,4.752,딥러닝 우세
D1 실데이터,-5,221,1,9.413,딥러닝 우세
D1 실데이터,-5,222,0,3.795,딥러닝 우세
D1 실데이터,-5,222,1,-7.085,front-end 우세
D1 실데이터,-5,228,0,-2.883,front-end 우세
D1 실데이터,-5,228,1,2.65,딥러닝 우세
D1 실데이터,-5,231,0,5.41,딥러닝 우세
D1 실데이터,-5,231,1,3.042,딥러닝 우세
D1 실데이터,-5,232,0,10.235,딥러닝 우세
D1 실데이터,-5,232,1,6.506,딥러닝 우세
D1 실데이터,-5,233,0,10.504,딥러닝 우세
D1 실데이터,-5,233,1,11.303,딥러닝 우세
D1 실데이터,-5,234,0,13.091,딥러닝 우세
D1 실데이터,-5,234,1,8.304,딥러닝 우세
D1 실데이터,0,100,0,1.868,딥러닝 우세
D1 실데이터,0,100,1,5.985,딥러닝 우세
D1 실데이터,0,103,0,6.841,딥러닝 우세
D1 실데이터,0,103,1,-0.007,front-end 우세
D1 실데이터,0,105,0,16.137,딥러닝 우세
D1 실데이터,0,105,1,-8.995,front-end 우세
D1 실데이터,0,111,0,7.473,딥러닝 우세
D1 실데이터,0,111,1,11.574,딥러닝 우세
D1 실데이터,0,113,0,12.779,딥러닝 우세
D1 실데이터,0,113,1,5.094,딥러닝 우세
D1 실데이터,0,117,0,6.97,딥러닝 우세
D1 실데이터,0,117,1,4.347,딥러닝 우세
D1 실데이터,0,121,0,11.185,딥러닝 우세
D1 실데이터,0,121,1,10.121,딥러닝 우세
D1 실데이터,0,123,0,5.949,딥러닝 우세
D1 실데이터,0,123,1,6.369,딥러닝 우세
D1 실데이터,0,200,0,4.415,딥러닝 우세
D1 실데이터,0,200,1,3.164,딥러닝 우세
D1 실데이터,0,202,0,5.358,딥러닝 우세
D1 실데이터,0,202,1,6.158,딥러닝 우세
D1 실데이터,0,210,0,11.991,딥러닝 우세
D1 실데이터,0,210,1,1.469,딥러닝 우세
D1 실데이터,0,212,0,4.553,딥러닝 우세
D1 실데이터,0,212,1,5.945,딥러닝 우세
D1 실데이터,0,213,0,5.991,딥러닝 우세
D1 실데이터,0,213,1,12.128,딥러닝 우세
D1 실데이터,0,214,0,14.654,딥러닝 우세
D1 실데이터,0,214,1,14.076,딥러닝 우세
D1 실데이터,0,219,0,14.573,딥러닝 우세
D1 실데이터,0,219,1,8.645,딥러닝 우세
D1 실데이터,0,221,0,7.308,딥러닝 우세
D1 실데이터,0,221,1,8.687,딥러닝 우세
D1 실데이터,0,222,0,4.692,딥러닝 우세
D1 실데이터,0,222,1,-11.968,front-end 우세
D1 실데이터,0,228,0,-7.169,front-end 우세
D1 실데이터,0,228,1,3.325,딥러닝 우세
D1 실데이터,0,231,0,6.862,딥러닝 우세
D1 실데이터,0,231,1,2.735,딥러닝 우세
D1 실데이터,0,232,0,9.788,딥러닝 우세
D1 실데이터,0,232,1,2.366,딥러닝 우세
D1 실데이터,0,233,0,12.398,딥러닝 우세
D1 실데이터,0,233,1,13.138,딥러닝 우세
D1 실데이터,0,234,0,14.079,딥러닝 우세
D1 실데이터,0,234,1,9.81,딥러닝 우세
D1 실데이터,5,100,0,-0.872,front-end 우세
D1 실데이터,5,100,1,3.566,딥러닝 우세
D1 실데이터,5,103,0,2.551,딥러닝 우세
D1 실데이터,5,103,1,-1.959,front-end 우세
D1 실데이터,5,105,0,15.196,딥러닝 우세
D1 실데이터,5,105,1,-13.975,front-end 우세
D1 실데이터,5,111,0,3.227,딥러닝 우세
D1 실데이터,5,111,1,10.372,딥러닝 우세
D1 실데이터,5,113,0,12.369,딥러닝 우세
D1 실데이터,5,113,1,3.643,딥러닝 우세
D1 실데이터,5,117,0,6.732,딥러닝 우세
D1 실데이터,5,117,1,3.173,딥러닝 우세
D1 실데이터,5,121,0,10.355,딥러닝 우세
D1 실데이터,5,121,1,7.707,딥러닝 우세
D1 실데이터,5,123,0,4.051,딥러닝 우세
D1 실데이터,5,123,1,4.241,딥러닝 우세
D1 실데이터,5,200,0,3.12,딥러닝 우세
D1 실데이터,5,200,1,-1.638,front-end 우세
D1 실데이터,5,202,0,3.796,딥러닝 우세
D1 실데이터,5,202,1,4.549,딥러닝 우세
D1 실데이터,5,210,0,11.468,딥러닝 우세
D1 실데이터,5,210,1,-3.414,front-end 우세
D1 실데이터,5,212,0,3.078,딥러닝 우세
D1 실데이터,5,212,1,1.931,딥러닝 우세
D1 실데이터,5,213,0,5.508,딥러닝 우세
D1 실데이터,5,213,1,11.436,딥러닝 우세
D1 실데이터,5,214,0,14.213,딥러닝 우세
D1 실데이터,5,214,1,13.344,딥러닝 우세
D1 실데이터,5,219,0,14.054,딥러닝 우세
D1 실데이터,5,219,1,9.021,딥러닝 우세
D1 실데이터,5,221,0,6.991,딥러닝 우세
D1 실데이터,5,221,1,7.29,딥러닝 우세
D1 실데이터,5,222,0,2.639,딥러닝 우세
D1 실데이터,5,222,1,-16.93,front-end 우세
D1 실데이터,5,228,0,-11.903,front-end 우세
D1 실데이터,5,228,1,1.755,딥러닝 우세
D1 실데이터,5,231,0,7.531,딥러닝 우세
D1 실데이터,5,231,1,2.008,딥러닝 우세
D1 실데이터,5,232,0,7.509,딥러닝 우세
D1 실데이터,5,232,1,-2.272,front-end 우세
D1 실데이터,5,233,0,11.974,딥러닝 우세
D1 실데이터,5,233,1,12.462,딥러닝 우세
D1 실데이터,5,234,0,12.958,딥러닝 우세
D1 실데이터,5,234,1,8.932,딥러닝 우세
D1 실데이터,10,100,0,-4.482,front-end 우세
D1 실데이터,10,100,1,1.297,딥러닝 우세
D1 실데이터,10,103,0,-2.205,front-end 우세
D1 실데이터,10,103,1,-5.171,front-end 우세
D1 실데이터,10,105,0,12.472,딥러닝 우세
D1 실데이터,10,105,1,-18.972,front-end 우세
D1 실데이터,10,111,0,-1.5,front-end 우세
D1 실데이터,10,111,1,7.415,딥러닝 우세
D1 실데이터,10,113,0,10.538,딥러닝 우세
D1 실데이터,10,113,1,1.976,딥러닝 우세
D1 실데이터,10,117,0,5.719,딥러닝 우세
D1 실데이터,10,117,1,1.862,딥러닝 우세
D1 실데이터,10,121,0,8.018,딥러닝 우세
D1 실데이터,10,121,1,3.812,딥러닝 우세
D1 실데이터,10,123,0,2.288,딥러닝 우세
D1 실데이터,10,123,1,1.932,딥러닝 우세
D1 실데이터,10,200,0,0.635,딥러닝 우세
D1 실데이터,10,200,1,-6.574,front-end 우세
D1 실데이터,10,202,0,2.304,딥러닝 우세
D1 실데이터,10,202,1,3.298,딥러닝 우세
D1 실데이터,10,210,0,9.676,딥러닝 우세
D1 실데이터,10,210,1,-8.376,front-end 우세
D1 실데이터,10,212,0,1.161,딥러닝 우세
D1 실데이터,10,212,1,-2.669,front-end 우세
D1 실데이터,10,213,0,3.82,딥러닝 우세
D1 실데이터,10,213,1,9.704,딥러닝 우세
D1 실데이터,10,214,0,12.31,딥러닝 우세
D1 실데이터,10,214,1,10.478,딥러닝 우세
D1 실데이터,10,219,0,12.306,딥러닝 우세
D1 실데이터,10,219,1,8.324,딥러닝 우세
D1 실데이터,10,221,0,4.662,딥러닝 우세
D1 실데이터,10,221,1,5.769,딥러닝 우세
D1 실데이터,10,222,0,-0.985,front-end 우세
D1 실데이터,10,222,1,-21.919,front-end 우세
D1 실데이터,10,228,0,-16.819,front-end 우세
D1 실데이터,10,228,1,-0.267,front-end 우세
D1 실데이터,10,231,0,6.589,딥러닝 우세
D1 실데이터,10,231,1,0.984,딥러닝 우세
D1 실데이터,10,232,0,3.827,딥러닝 우세
D1 실데이터,10,232,1,-7.003,front-end 우세
D1 실데이터,10,233,0,9.874,딥러닝 우세
D1 실데이터,10,233,1,9.724,딥러닝 우세
D1 실데이터,10,234,0,10.668,딥러닝 우세
D1 실데이터,10,234,1,7.125,딥러닝 우세
D1 실데이터,15,100,0,-8.893,front-end 우세
D1 실데이터,15,100,1,-0.996,front-end 우세
D1 실데이터,15,103,0,-7.13,front-end 우세
D1 실데이터,15,103,1,-9.395,front-end 우세
D1 실데이터,15,105,0,8.891,딥러닝 우세
D1 실데이터,15,105,1,-23.971,front-end 우세
D1 실데이터,15,111,0,-6.408,front-end 우세
D1 실데이터,15,111,1,3.606,딥러닝 우세
D1 실데이터,15,113,0,9.368,딥러닝 우세
D1 실데이터,15,113,1,-0.132,front-end 우세
D1 실데이터,15,117,0,4.277,딥러닝 우세
D1 실데이터,15,117,1,0.308,딥러닝 우세
D1 실데이터,15,121,0,4.608,딥러닝 우세
D1 실데이터,15,121,1,-0.703,front-end 우세
D1 실데이터,15,123,0,0.539,딥러닝 우세
D1 실데이터,15,123,1,0.035,딥러닝 우세
D1 실데이터,15,200,0,-1.745,front-end 우세
D1 실데이터,15,200,1,-11.554,front-end 우세
D1 실데이터,15,202,0,0.691,딥러닝 우세
D1 실데이터,15,202,1,1.498,딥러닝 우세
D1 실데이터,15,210,0,6.586,딥러닝 우세
D1 실데이터,15,210,1,-13.363,front-end 우세
D1 실데이터,15,212,0,-0.557,front-end 우세
D1 실데이터,15,212,1,-7.534,front-end 우세
D1 실데이터,15,213,0,2.321,딥러닝 우세
D1 실데이터,15,213,1,7.549,딥러닝 우세
D1 실데이터,15,214,0,9.41,딥러닝 우세
D1 실데이터,15,214,1,8.076,딥러닝 우세
D1 실데이터,15,219,0,9.684,딥러닝 우세
D1 실데이터,15,219,1,6.835,딥러닝 우세
D1 실데이터,15,221,0,1.98,딥러닝 우세
D1 실데이터,15,221,1,3.436,딥러닝 우세
D1 실데이터,15,222,0,-5.45,front-end 우세
D1 실데이터,15,222,1,-26.916,front-end 우세
D1 실데이터,15,228,0,-21.798,front-end 우세
D1 실데이터,15,228,1,-2.415,front-end 우세
D1 실데이터,15,231,0,5.123,딥러닝 우세
D1 실데이터,15,231,1,-0.39,front-end 우세
D1 실데이터,15,232,0,-0.621,front-end 우세
D1 실데이터,15,232,1,-11.496,front-end 우세
D1 실데이터,15,233,0,6.801,딥러닝 우세
D1 실데이터,15,233,1,5.9,딥러닝 우세
D1 실데이터,15,234,0,8.138,딥러닝 우세
D1 실데이터,15,234,1,5.587,딥러닝 우세
D1 실데이터,20,100,0,-13.699,front-end 우세
D1 실데이터,20,100,1,-4.074,front-end 우세
D1 실데이터,20,103,0,-12.109,front-end 우세
D1 실데이터,20,103,1,-14.115,front-end 우세
D1 실데이터,20,105,0,5.123,딥러닝 우세
D1 실데이터,20,105,1,-28.971,front-end 우세
D1 실데이터,20,111,0,-11.378,front-end 우세
D1 실데이터,20,111,1,-0.789,front-end 우세
D1 실데이터,20,113,0,6.104,딥러닝 우세
D1 실데이터,20,113,1,-3.41,front-end 우세
D1 실데이터,20,117,0,2.094,딥러닝 우세
D1 실데이터,20,117,1,-2.285,front-end 우세
D1 실데이터,20,121,0,0.543,딥러닝 우세
D1 실데이터,20,121,1,-5.493,front-end 우세
D1 실데이터,20,123,0,-2.309,front-end 우세
D1 실데이터,20,123,1,-2.123,front-end 우세
D1 실데이터,20,200,0,-4.629,front-end 우세
D1 실데이터,20,200,1,-16.548,front-end 우세
D1 실데이터,20,202,0,-1.935,front-end 우세
D1 실데이터,20,202,1,-1.477,front-end 우세
D1 실데이터,20,210,0,3.922,딥러닝 우세
D1 실데이터,20,210,1,-18.359,front-end 우세
D1 실데이터,20,212,0,-3.135,front-end 우세
D1 실데이터,20,212,1,-12.496,front-end 우세
D1 실데이터,20,213,0,0.878,딥러닝 우세
D1 실데이터,20,213,1,4.759,딥러닝 우세
D1 실데이터,20,214,0,5.463,딥러닝 우세
D1 실데이터,20,214,1,5.256,딥러닝 우세
D1 실데이터,20,219,0,6.358,딥러닝 우세
D1 실데이터,20,219,1,4.636,딥러닝 우세
D1 실데이터,20,221,0,-0.533,front-end 우세
D1 실데이터,20,221,1,-0.096,front-end 우세
D1 실데이터,20,222,0,-10.28,front-end 우세
D1 실데이터,20,222,1,-31.915,front-end 우세
D1 실데이터,20,228,0,-26.796,front-end 우세
D1 실데이터,20,228,1,-5.546,front-end 우세
D1 실데이터,20,231,0,2.941,딥러닝 우세
D1 실데이터,20,231,1,-2.353,front-end 우세
D1 실데이터,20,232,0,-5.366,front-end 우세
D1 실데이터,20,232,1,-15.262,front-end 우세
D1 실데이터,20,233,0,2.934,딥러닝 우세
D1 실데이터,20,233,1,1.652,딥러닝 우세
D1 실데이터,20,234,0,5.146,딥러닝 우세
D1 실데이터,20,234,1,3.806,딥러닝 우세
