주파수 (Hz),원본 기록,입력 (전원선 섞임),공통 전처리만 출력,SWT wavelet 출력,딥러닝 Wavelet U-Net 출력
0.0,-10.36,-10.34,-27.41,-27.45,-28.42
0.244,-4.44,-4.44,-28.2,-28.24,-26.68
0.488,-8.45,-8.45,-20.56,-20.56,-20.91
0.732,-15.22,-15.22,-16.15,-16.15,-16.74
0.977,-5.91,-5.91,-5.94,-5.94,-6.32
1.221,0.0,0.0,-0.01,-0.0,-0.38
1.465,-4.96,-4.96,-4.97,-4.97,-5.41
1.709,-14.68,-14.68,-14.68,-14.68,-15.19
1.953,-14.76,-14.76,-14.77,-14.76,-14.78
2.197,-7.45,-7.45,-7.45,-7.44,-7.21
2.441,-1.31,-1.31,-1.31,-1.31,-1.15
2.686,-5.06,-5.06,-5.06,-5.05,-5.0
2.93,-13.85,-13.85,-13.85,-13.85,-14.04
3.174,-15.96,-15.96,-15.96,-15.97,-15.75
3.418,-10.77,-10.77,-10.77,-10.78,-10.39
3.662,-5.38,-5.38,-5.38,-5.38,-4.86
3.906,-8.11,-8.11,-8.11,-8.1,-7.58
4.15,-14.95,-14.95,-14.95,-14.81,-14.97
4.395,-11.94,-11.94,-11.94,-11.9,-12.3
4.639,-5.62,-5.62,-5.62,-5.69,-5.97
4.883,-0.38,-0.38,-0.38,-0.45,-0.68
5.127,-2.21,-2.21,-2.21,-2.27,-2.44
5.371,-9.56,-9.56,-9.56,-9.62,-9.67
5.615,-9.7,-9.7,-9.7,-9.78,-9.72
5.859,-4.05,-4.05,-4.05,-4.17,-4.05
6.104,-0.14,-0.14,-0.14,-0.29,-0.15
6.348,-1.16,-1.16,-1.16,-1.33,-1.2
6.592,-7.41,-7.41,-7.41,-7.57,-7.44
6.836,-9.92,-9.92,-9.92,-9.96,-9.69
7.08,-6.81,-6.81,-6.81,-6.77,-6.5
7.324,-3.99,-3.99,-3.99,-3.87,-3.68
7.568,-3.96,-3.96,-3.96,-3.81,-3.68
7.812,-7.65,-7.65,-7.65,-7.57,-7.5
8.057,-8.48,-8.48,-8.48,-8.42,-8.36
8.301,-6.39,-6.39,-6.39,-6.3,-6.28
8.545,-4.17,-4.17,-4.17,-4.16,-4.1
8.789,-3.4,-3.4,-3.4,-3.42,-3.34
9.033,-6.12,-6.12,-6.12,-6.14,-6.09
9.277,-7.79,-7.79,-7.79,-7.82,-7.81
9.521,-6.16,-6.16,-6.16,-6.22,-6.3
9.766,-4.68,-4.68,-4.68,-4.8,-4.85
10.01,-3.75,-3.75,-3.75,-3.88,-3.91
10.254,-5.36,-5.36,-5.36,-5.48,-5.53
10.498,-7.07,-7.07,-7.07,-7.14,-7.22
10.742,-6.08,-6.08,-6.08,-6.04,-6.1
10.986,-5.01,-5.01,-5.01,-4.97,-5.09
11.23,-4.14,-4.14,-4.14,-4.11,-4.22
11.475,-4.95,-4.95,-4.95,-4.89,-5.0
11.719,-6.24,-6.24,-6.24,-6.22,-6.3
11.963,-5.33,-5.33,-5.33,-5.29,-5.46
12.207,-4.96,-4.96,-4.96,-4.87,-5.09
12.451,-4.25,-4.25,-4.25,-4.13,-4.41
12.695,-4.25,-4.25,-4.25,-4.19,-4.43
12.939,-5.3,-5.3,-5.3,-5.25,-5.41
13.184,-5.46,-5.46,-5.46,-5.49,-5.7
13.428,-5.55,-5.55,-5.55,-5.56,-5.73
13.672,-4.99,-4.99,-5.0,-5.01,-5.19
13.916,-4.19,-4.19,-4.2,-4.22,-4.45
14.16,-4.58,-4.58,-4.58,-4.61,-4.92
14.404,-5.55,-5.55,-5.56,-5.65,-5.99
14.648,-5.56,-5.56,-5.56,-5.66,-6.03
14.893,-5.37,-5.37,-5.37,-5.43,-5.84
15.137,-4.18,-4.18,-4.18,-4.24,-4.64
15.381,-4.23,-4.23,-4.23,-4.3,-4.79
15.625,-5.34,-5.34,-5.34,-5.37,-5.9
15.869,-5.59,-5.59,-5.6,-5.66,-6.12
16.113,-6.13,-6.13,-6.13,-6.15,-6.55
16.357,-4.91,-4.91,-4.91,-4.91,-5.29
16.602,-4.61,-4.61,-4.61,-4.63,-4.95
16.846,-5.49,-5.49,-5.49,-5.5,-5.72
17.09,-6.25,-6.25,-6.25,-6.21,-6.39
17.334,-7.12,-7.12,-7.12,-7.14,-7.2
17.578,-6.15,-6.15,-6.15,-6.14,-6.17
17.822,-5.15,-5.15,-5.16,-5.15,-5.16
18.066,-5.68,-5.68,-5.68,-5.7,-5.71
18.311,-6.8,-6.8,-6.8,-6.86,-6.87
18.555,-7.57,-7.57,-7.57,-7.6,-7.65
18.799,-6.6,-6.6,-6.6,-6.61,-6.67
19.043,-5.28,-5.28,-5.28,-5.29,-5.4
19.287,-5.79,-5.79,-5.79,-5.79,-5.91
19.531,-7.45,-7.45,-7.45,-7.44,-7.53
19.775,-7.93,-7.93,-7.93,-7.9,-8.01
20.02,-6.81,-6.81,-6.81,-6.78,-6.96
20.264,-5.8,-5.8,-5.8,-5.75,-5.95
20.508,-5.79,-5.79,-5.79,-5.76,-5.97
20.752,-7.7,-7.7,-7.7,-7.67,-7.85
20.996,-7.97,-7.97,-7.98,-7.99,-8.15
21.24,-7.32,-7.32,-7.32,-7.33,-7.46
21.484,-6.5,-6.5,-6.5,-6.51,-6.64
21.729,-5.73,-5.73,-5.73,-5.75,-5.87
21.973,-7.77,-7.77,-7.78,-7.81,-7.92
22.217,-8.37,-8.37,-8.37,-8.41,-8.5
22.461,-8.16,-8.16,-8.17,-8.2,-8.26
22.705,-7.26,-7.26,-7.26,-7.3,-7.39
22.949,-6.08,-6.08,-6.08,-6.11,-6.14
23.193,-8.09,-8.09,-8.1,-8.12,-8.1
23.438,-9.17,-9.17,-9.17,-9.2,-9.15
23.682,-9.03,-9.03,-9.03,-9.09,-8.98
23.926,-8.31,-8.31,-8.32,-8.36,-8.21
24.17,-7.11,-7.11,-7.12,-7.13,-6.94
24.414,-8.76,-8.76,-8.77,-8.77,-8.5
24.658,-10.14,-10.14,-10.14,-10.16,-9.87
24.902,-9.74,-9.74,-9.74,-9.75,-9.35
25.146,-9.54,-9.54,-9.54,-9.59,-9.14
25.391,-8.34,-8.34,-8.34,-8.4,-7.93
25.635,-9.37,-9.37,-9.37,-9.41,-8.91
25.879,-11.08,-11.08,-11.08,-11.08,-10.53
26.123,-10.2,-10.2,-10.2,-10.25,-9.75
26.367,-10.65,-10.65,-10.65,-10.71,-10.13
26.611,-9.4,-9.4,-9.41,-9.46,-8.84
26.855,-9.68,-9.68,-9.69,-9.75,-9.14
27.1,-11.7,-11.7,-11.7,-11.77,-11.2
27.344,-11.05,-11.05,-11.06,-11.09,-10.59
27.588,-11.38,-11.38,-11.38,-11.41,-10.91
27.832,-10.16,-10.16,-10.16,-10.18,-9.63
28.076,-9.7,-9.7,-9.71,-9.76,-9.25
28.32,-12.35,-12.35,-12.36,-12.51,-11.99
28.564,-11.93,-11.93,-11.93,-12.0,-11.53
28.809,-11.88,-11.88,-11.88,-11.96,-11.47
29.053,-10.95,-10.95,-10.95,-11.02,-10.5
29.297,-9.91,-9.91,-9.92,-9.98,-9.53
29.541,-13.11,-13.11,-13.12,-13.2,-12.73
29.785,-12.88,-12.88,-12.89,-12.97,-12.38
30.029,-12.81,-12.81,-12.82,-12.86,-12.27
30.273,-12.15,-12.15,-12.16,-12.24,-11.66
30.518,-10.82,-10.82,-10.83,-10.86,-10.33
30.762,-13.78,-13.78,-13.79,-13.81,-13.29
31.006,-13.8,-13.8,-13.8,-13.89,-13.26
31.25,-13.87,-13.87,-13.88,-13.99,-13.33
31.494,-13.58,-13.58,-13.59,-13.59,-13.0
31.738,-12.01,-12.01,-12.02,-12.03,-11.48
31.982,-14.24,-14.24,-14.24,-14.37,-13.8
32.227,-14.87,-14.87,-14.88,-15.08,-14.47
32.471,-14.78,-14.78,-14.78,-14.91,-14.41
32.715,-14.26,-14.26,-14.27,-14.36,-14.01
32.959,-12.72,-12.72,-12.73,-12.82,-12.48
33.203,-14.69,-14.69,-14.7,-14.77,-14.46
33.447,-16.19,-16.19,-16.2,-16.32,-15.93
33.691,-15.59,-15.59,-15.6,-15.7,-15.36
33.936,-14.99,-14.99,-15.0,-15.03,-14.85
34.18,-13.48,-13.48,-13.49,-13.54,-13.37
34.424,-15.43,-15.43,-15.44,-15.57,-15.23
34.668,-17.4,-17.4,-17.41,-17.65,-17.23
34.912,-16.57,-16.57,-16.58,-16.79,-16.39
35.156,-15.71,-15.71,-15.72,-15.87,-15.73
35.4,-14.37,-14.37,-14.39,-14.56,-14.44
35.645,-15.76,-15.76,-15.77,-15.95,-15.76
35.889,-18.13,-18.13,-18.14,-18.24,-18.05
36.133,-17.52,-17.52,-17.53,-17.71,-17.59
36.377,-16.54,-16.54,-16.55,-16.7,-16.79
36.621,-15.27,-15.27,-15.28,-15.41,-15.75
36.865,-15.67,-15.67,-15.68,-15.89,-16.15
37.109,-18.5,-18.5,-18.52,-18.83,-18.71
37.354,-18.46,-18.46,-18.48,-18.74,-18.83
37.598,-17.38,-17.38,-17.4,-17.7,-17.93
37.842,-16.54,-16.54,-16.55,-16.89,-17.19
38.086,-16.11,-16.11,-16.12,-16.42,-16.78
38.33,-18.89,-18.89,-18.91,-19.07,-19.51
38.574,-19.57,-19.57,-19.58,-19.7,-20.06
38.818,-18.39,-18.39,-18.4,-18.62,-19.01
39.062,-17.74,-17.74,-17.76,-18.06,-18.5
39.307,-16.96,-16.96,-16.97,-17.34,-17.75
39.551,-19.63,-19.63,-19.65,-19.99,-20.38
39.795,-20.43,-20.43,-20.45,-19.51,-21.2
40.039,-19.16,-19.16,-19.18,-17.94,-19.94
40.283,-18.61,-18.61,-18.63,-18.68,-19.72
40.527,-17.76,-17.76,-17.78,-18.05,-18.79
40.771,-19.93,-19.93,-19.95,-20.29,-21.0
41.016,-21.15,-21.15,-21.17,-21.57,-22.25
41.26,-19.73,-19.73,-19.75,-20.32,-20.89
41.504,-19.62,-19.62,-19.64,-20.27,-21.0
41.748,-18.22,-18.22,-18.24,-18.68,-19.56
41.992,-20.22,-20.22,-20.24,-20.67,-21.49
42.236,-21.71,-21.71,-21.73,-22.32,-23.11
42.48,-20.55,-20.55,-20.58,-21.29,-21.99
42.725,-20.68,-20.68,-20.7,-21.44,-22.18
42.969,-18.67,-18.67,-18.7,-19.37,-20.2
43.213,-20.52,-20.52,-20.55,-21.13,-21.95
43.457,-22.16,-22.16,-22.19,-22.96,-23.69
43.701,-21.62,-21.62,-21.65,-22.51,-23.11
43.945,-21.59,-21.59,-21.62,-22.62,-23.08
44.189,-19.39,-19.39,-19.42,-20.37,-21.08
44.434,-20.74,-20.74,-20.77,-21.57,-22.43
44.678,-22.53,-22.53,-22.56,-23.3,-24.08
44.922,-22.34,-22.34,-22.37,-23.29,-23.87
45.166,-22.23,-22.23,-22.26,-23.06,-23.8
45.41,-20.78,-20.78,-20.82,-21.7,-22.29
45.654,-21.81,-21.81,-21.84,-22.68,-23.07
45.898,-23.24,-23.24,-23.28,-24.23,-24.48
46.143,-22.97,-22.97,-23.01,-24.06,-24.35
46.387,-23.38,-23.38,-23.42,-24.34,-24.63
46.631,-22.33,-22.33,-22.38,-23.32,-23.49
46.875,-22.51,-22.51,-22.56,-23.65,-23.79
47.119,-23.54,-23.54,-23.59,-24.63,-24.82
47.363,-23.56,-23.56,-23.61,-24.75,-24.95
47.607,-24.04,-24.04,-24.09,-25.3,-25.45
47.852,-23.07,-23.07,-23.12,-24.4,-24.42
48.096,-22.78,-22.78,-22.84,-24.04,-24.52
48.34,-23.31,-23.31,-23.37,-24.71,-25.17
48.584,-23.85,-23.85,-23.91,-25.48,-25.68
48.828,-24.28,-24.28,-24.35,-25.81,-26.18
49.072,-23.6,-23.6,-23.67,-25.18,-25.36
49.316,-23.61,-23.61,-23.68,-25.17,-25.34
49.561,-24.21,-24.21,-24.29,-25.57,-25.82
49.805,-24.34,-24.34,-24.42,-25.31,-26.27
50.049,-25.2,-25.2,-25.28,-26.31,-27.01
50.293,-24.88,-24.88,-24.97,-26.45,-26.62
50.537,-24.24,-24.24,-24.34,-25.65,-26.3
50.781,-24.63,-24.63,-24.73,-26.05,-26.57
51.025,-25.04,-25.04,-25.14,-26.71,-26.68
51.27,-26.31,-26.32,-26.42,-27.84,-28.05
51.514,-25.92,-25.92,-26.04,-27.48,-28.08
51.758,-25.72,-25.72,-25.84,-26.98,-27.7
52.002,-25.38,-25.38,-25.51,-26.66,-27.4
52.246,-25.14,-25.14,-25.28,-26.73,-27.15
52.49,-26.82,-26.82,-26.97,-28.75,-28.95
52.734,-27.08,-27.08,-27.24,-28.79,-29.49
52.979,-26.86,-26.85,-27.03,-28.47,-29.23
53.223,-25.74,-25.74,-25.92,-27.44,-28.2
53.467,-25.67,-25.67,-25.87,-27.73,-28.01
53.711,-26.96,-26.96,-27.17,-28.73,-29.64
53.955,-27.84,-27.84,-28.06,-29.69,-30.62
54.199,-28.12,-28.12,-28.37,-30.26,-30.74
54.443,-26.37,-26.37,-26.64,-28.73,-29.36
54.688,-26.27,-26.27,-26.56,-28.93,-29.21
54.932,-27.09,-27.09,-27.41,-29.85,-30.47
55.176,-28.5,-28.49,-28.85,-30.67,-31.81
55.42,-28.57,-28.56,-28.97,-31.07,-32.03
55.664,-27.31,-27.33,-27.76,-30.11,-30.77
55.908,-26.78,-26.76,-27.27,-29.29,-30.35
56.152,-27.79,-27.81,-28.35,-30.24,-31.47
56.396,-29.12,-29.13,-29.76,-31.6,-33.16
56.641,-29.34,-29.31,-30.09,-32.02,-33.53
56.885,-28.19,-28.21,-29.04,-31.22,-32.12
57.129,-27.56,-27.54,-28.56,-29.95,-31.49
57.373,-28.45,-28.5,-29.61,-30.7,-32.63
57.617,-29.81,-29.68,-31.2,-31.94,-34.66
57.861,-30.66,-30.6,-32.39,-32.83,-35.49
58.105,-29.67,-29.73,-31.8,-33.1,-33.78
58.35,-29.63,-29.54,-32.4,-33.07,-33.33
58.594,-29.9,-29.26,-33.44,-34.03,-34.26
58.838,-30.76,-29.13,-35.49,-35.97,-36.38
59.082,-32.31,-27.79,-39.0,-38.2,-37.77
59.326,-30.95,-19.27,-40.82,-39.27,-36.13
59.57,-29.34,-5.73,-46.06,-39.38,-35.74
59.814,-18.76,14.72,-50.83,-39.85,-36.14
60.059,-15.98,17.53,-55.41,-42.09,-37.91
60.303,-25.23,7.86,-51.84,-40.47,-39.16
60.547,-31.81,-14.25,-43.73,-39.41,-37.96
60.791,-30.75,-23.95,-38.59,-36.99,-37.08
61.035,-30.05,-27.43,-35.88,-35.08,-36.5
61.279,-30.88,-30.15,-35.13,-34.86,-37.2
61.523,-32.35,-31.95,-35.64,-35.64,-38.7
61.768,-33.88,-33.79,-36.32,-35.48,-38.89
62.012,-32.82,-32.64,-34.73,-36.18,-38.27
62.256,-32.09,-32.03,-33.64,-36.1,-37.55
62.5,-31.39,-31.42,-32.7,-34.43,-37.2
62.744,-32.92,-32.84,-34.04,-34.72,-38.43
62.988,-33.83,-33.88,-34.76,-36.08,-39.84
63.232,-33.76,-33.73,-34.56,-36.52,-39.78
63.477,-33.73,-33.74,-34.42,-36.19,-38.98
63.721,-33.58,-33.56,-34.2,-33.67,-37.46
63.965,-34.1,-34.12,-34.64,-34.06,-38.0
64.209,-35.73,-35.72,-36.22,-37.11,-40.61
64.453,-34.92,-34.93,-35.35,-37.34,-41.29
64.697,-34.15,-34.14,-34.53,-36.95,-40.28
64.941,-33.54,-33.55,-33.9,-34.1,-38.02
65.186,-34.69,-34.68,-35.0,-33.96,-38.47
65.43,-36.9,-36.9,-37.2,-37.98,-42.64
65.674,-35.6,-35.59,-35.86,-36.78,-42.87
65.918,-35.13,-35.14,-35.38,-36.12,-41.85
66.162,-35.44,-35.45,-35.67,-34.05,-39.22
66.406,-35.26,-35.25,-35.47,-33.8,-39.44
66.65,-36.57,-36.58,-36.77,-39.04,-43.89
66.895,-37.47,-37.47,-37.67,-39.24,-43.98
67.139,-36.49,-36.48,-36.65,-38.63,-43.06
67.383,-36.95,-36.95,-37.11,-33.93,-39.13
67.627,-37.17,-37.18,-37.32,-32.78,-38.95
67.871,-37.11,-37.1,-37.24,-37.85,-43.84
68.115,-37.71,-37.71,-37.84,-39.41,-44.81
68.359,-37.06,-37.08,-37.21,-37.95,-44.46
68.604,-36.38,-36.29,-36.41,-32.53,-37.08
68.848,-37.43,-37.56,-37.68,-30.86,-35.2
69.092,-37.56,-36.96,-37.06,-36.81,-42.18
69.336,-38.17,-36.61,-36.7,-40.28,-45.76
69.58,-37.68,-26.95,-27.04,-38.41,-45.67
69.824,-35.76,-5.61,-5.7,-23.05,-32.7
70.068,-36.81,-2.35,-2.44,-19.92,-29.64
70.312,-36.46,-11.34,-11.43,-28.64,-37.94
70.557,-37.23,-33.54,-33.62,-40.38,-47.13
70.801,-37.95,-37.47,-37.55,-40.49,-47.04
71.045,-36.8,-36.49,-36.57,-33.89,-39.03
71.289,-36.74,-36.8,-36.88,-31.53,-35.84
71.533,-38.39,-38.28,-38.35,-37.07,-42.53
71.777,-36.84,-36.89,-36.96,-39.79,-49.0
72.021,-37.12,-37.08,-37.15,-39.93,-48.55
72.266,-38.1,-38.09,-38.16,-36.96,-44.87
72.51,-38.23,-38.26,-38.32,-34.95,-42.46
72.754,-39.06,-39.04,-39.1,-38.82,-47.21
72.998,-38.64,-38.65,-38.71,-40.86,-50.41
73.242,-38.02,-38.01,-38.07,-38.84,-50.34
73.486,-38.23,-38.23,-38.29,-37.05,-46.32
73.73,-37.35,-37.35,-37.41,-35.24,-43.45
73.975,-37.05,-37.06,-37.11,-37.35,-46.62
74.219,-37.96,-37.96,-38.01,-38.91,-49.04
74.463,-38.22,-38.23,-38.28,-39.45,-47.29
74.707,-36.66,-36.66,-36.71,-37.58,-41.46
74.951,-37.18,-37.18,-37.23,-36.34,-38.25
75.195,-37.03,-37.03,-37.08,-38.23,-41.65
75.439,-36.72,-36.72,-36.77,-38.93,-48.74
75.684,-37.02,-37.02,-37.07,-39.66,-49.18
75.928,-36.59,-36.59,-36.64,-38.74,-44.94
76.172,-36.57,-36.56,-36.61,-37.73,-43.36
76.416,-36.8,-36.8,-36.85,-38.77,-46.35
76.66,-36.79,-36.79,-36.84,-40.76,-52.3
76.904,-38.93,-38.93,-38.97,-41.0,-53.26
77.148,-38.83,-38.83,-38.88,-39.97,-49.53
77.393,-37.12,-37.12,-37.17,-38.72,-48.43
77.637,-36.43,-36.43,-36.48,-39.64,-49.42
77.881,-36.82,-36.82,-36.87,-41.1,-52.7
78.125,-37.12,-37.12,-37.17,-39.92,-51.21
78.369,-37.51,-37.51,-37.56,-40.0,-48.4
78.613,-37.68,-37.68,-37.73,-40.23,-47.05
78.857,-37.27,-37.27,-37.33,-40.5,-47.07
79.102,-36.66,-36.66,-36.72,-41.16,-50.57
79.346,-37.45,-37.45,-37.51,-41.26,-51.33
79.59,-39.13,-39.13,-39.19,-41.48,-49.79
79.834,-38.69,-38.69,-38.74,-41.57,-48.96
80.078,-38.31,-38.31,-38.37,-41.91,-48.75
80.322,-37.66,-37.66,-37.72,-41.55,-51.36
80.566,-36.89,-36.89,-36.95,-41.44,-52.89
80.811,-38.06,-38.06,-38.13,-41.97,-52.22
81.055,-37.7,-37.7,-37.77,-41.87,-51.75
81.299,-38.22,-38.22,-38.29,-42.4,-51.0
81.543,-36.4,-36.4,-36.48,-40.88,-52.89
81.787,-37.64,-37.64,-37.72,-40.61,-53.42
82.031,-39.4,-39.4,-39.48,-40.59,-52.84
82.275,-38.27,-38.27,-38.35,-40.63,-52.38
82.52,-38.27,-38.27,-38.36,-41.52,-50.68
82.764,-37.11,-37.11,-37.2,-40.35,-52.33
83.008,-37.08,-37.08,-37.18,-41.05,-53.57
83.252,-38.45,-38.45,-38.55,-41.64,-54.06
83.496,-37.89,-37.89,-37.99,-41.81,-53.02
83.74,-39.42,-39.42,-39.53,-42.06,-51.17
83.984,-38.58,-38.58,-38.7,-40.29,-52.4
84.229,-37.92,-37.92,-38.04,-40.78,-53.61
84.473,-40.02,-40.02,-40.15,-41.42,-55.1
84.717,-39.04,-39.04,-39.18,-41.79,-54.46
84.961,-38.27,-38.27,-38.41,-42.8,-52.64
85.205,-38.2,-38.2,-38.34,-41.13,-53.75
85.449,-38.11,-38.11,-38.27,-41.66,-54.39
85.693,-39.92,-39.92,-40.08,-41.87,-56.31
85.938,-38.2,-38.2,-38.37,-42.33,-56.15
86.182,-37.75,-37.75,-37.93,-42.53,-53.95
86.426,-38.35,-38.35,-38.54,-41.44,-54.76
86.67,-37.94,-37.94,-38.14,-41.31,-55.03
86.914,-39.0,-39.0,-39.22,-40.99,-56.66
87.158,-40.02,-40.02,-40.24,-41.53,-56.94
87.402,-38.43,-38.43,-38.67,-42.97,-55.17
87.646,-38.61,-38.61,-38.86,-41.76,-55.61
87.891,-40.18,-40.18,-40.45,-41.93,-55.25
88.135,-39.65,-39.65,-39.93,-41.34,-56.07
88.379,-39.82,-39.82,-40.12,-41.71,-56.5
88.623,-39.04,-39.04,-39.36,-42.5,-55.6
88.867,-39.19,-39.19,-39.53,-42.07,-56.2
89.111,-38.4,-38.4,-38.76,-42.6,-54.98
89.355,-40.27,-40.27,-40.64,-41.96,-55.44
89.6,-41.58,-41.58,-41.98,-41.93,-56.11
89.844,-39.69,-39.69,-40.12,-42.45,-55.73
90.088,-39.38,-39.38,-39.83,-42.62,-56.06
90.332,-39.19,-39.19,-39.67,-42.92,-54.54
90.576,-40.42,-40.42,-40.93,-42.1,-54.92
90.82,-42.38,-42.38,-42.93,-42.4,-56.15
91.064,-40.63,-40.63,-41.21,-42.83,-55.83
91.309,-39.65,-39.65,-40.27,-43.28,-55.65
91.553,-40.63,-40.63,-41.28,-43.15,-54.88
91.797,-41.02,-41.02,-41.72,-42.1,-54.64
92.041,-41.21,-41.21,-41.95,-42.5,-55.54
92.285,-41.49,-41.49,-42.29,-42.91,-55.62
92.529,-41.0,-41.0,-41.85,-43.22,-55.6
92.773,-41.01,-41.01,-41.92,-43.4,-55.81
93.018,-41.18,-41.18,-42.14,-42.66,-55.45
93.262,-40.97,-40.97,-42.0,-42.53,-56.34
93.506,-41.64,-41.64,-42.74,-42.95,-56.29
93.75,-41.25,-41.25,-42.42,-43.5,-56.27
93.994,-40.96,-40.96,-42.2,-43.31,-57.06
94.238,-41.59,-41.59,-42.92,-42.61,-56.63
94.482,-41.36,-41.36,-42.78,-42.41,-57.09
94.727,-41.14,-41.14,-42.65,-43.27,-57.13
94.971,-41.93,-41.93,-43.55,-43.63,-56.78
95.215,-42.89,-42.89,-44.6,-43.42,-57.75
95.459,-43.78,-43.78,-45.62,-42.85,-58.44
95.703,-42.53,-42.53,-44.52,-42.73,-58.36
95.947,-42.4,-42.4,-44.5,-43.84,-58.44
96.191,-42.25,-42.25,-44.5,-43.82,-57.93
96.436,-41.34,-41.34,-43.72,-43.24,-58.6
96.68,-42.82,-42.82,-45.36,-42.83,-59.32
96.924,-42.58,-42.58,-45.3,-42.97,-59.19
97.168,-42.95,-42.95,-45.85,-44.17,-59.14
97.412,-43.3,-43.3,-46.4,-43.55,-59.0
97.656,-42.36,-42.36,-45.68,-43.19,-58.56
97.9,-42.61,-42.61,-46.12,-42.82,-59.65
98.145,-42.99,-42.99,-46.74,-43.22,-59.74
98.389,-43.02,-43.02,-47.03,-44.61,-59.74
98.633,-42.4,-42.4,-46.68,-43.43,-59.59
98.877,-41.63,-41.63,-46.17,-43.37,-59.05
99.121,-42.26,-42.26,-47.08,-42.82,-59.65
99.365,-42.95,-42.95,-48.05,-43.4,-60.05
99.609,-43.81,-43.81,-49.28,-45.18,-60.09
99.854,-43.26,-43.26,-49.08,-43.26,-59.84
100.098,-42.8,-42.8,-48.98,-43.11,-59.58
100.342,-42.71,-42.71,-49.25,-42.76,-59.56
100.586,-45.4,-45.4,-52.2,-43.49,-59.87
100.83,-46.15,-46.15,-53.6,-45.34,-60.39
101.074,-44.36,-44.36,-52.19,-43.26,-60.21
101.318,-42.2,-42.2,-50.54,-43.14,-60.36
101.562,-41.47,-41.47,-50.17,-42.88,-60.09
101.807,-42.7,-42.7,-51.85,-43.75,-60.01
102.051,-43.76,-43.76,-53.53,-45.45,-60.95
102.295,-43.17,-43.17,-53.45,-43.54,-60.87
102.539,-42.23,-42.23,-53.09,-43.21,-61.76
102.783,-42.55,-42.55,-53.93,-42.95,-61.4
103.027,-43.16,-43.16,-55.17,-44.06,-60.96
103.271,-42.27,-42.28,-54.95,-45.27,-61.48
103.516,-42.99,-42.99,-56.19,-43.69,-61.59
103.76,-43.08,-43.08,-57.04,-43.29,-63.11
104.004,-43.67,-43.67,-58.18,-42.97,-62.95
104.248,-44.13,-44.13,-59.45,-44.25,-62.16
104.492,-43.81,-43.81,-59.83,-45.12,-62.88
104.736,-44.62,-44.62,-61.34,-43.84,-63.14
104.98,-44.88,-44.88,-62.46,-43.45,-63.21
105.225,-42.93,-42.93,-61.28,-43.17,-63.89
105.469,-43.23,-43.23,-62.22,-44.32,-63.97
105.713,-44.88,-44.88,-64.73,-44.96,-64.61
105.957,-43.89,-43.89,-64.67,-44.01,-65.23
106.201,-42.58,-42.57,-64.29,-43.6,-65.38
106.445,-42.06,-42.06,-64.41,-43.48,-66.41
106.689,-42.83,-42.83,-66.18,-44.32,-65.47
106.934,-44.05,-44.05,-68.1,-44.69,-65.99
107.178,-44.37,-44.37,-69.61,-44.22,-65.81
107.422,-43.48,-43.48,-69.59,-43.72,-61.96
107.666,-43.46,-43.46,-70.44,-43.78,-63.06
107.91,-44.2,-44.2,-72.21,-44.42,-66.2
108.154,-43.03,-43.03,-72.11,-44.43,-66.81
108.398,-44.0,-44.0,-73.89,-44.38,-65.65
108.643,-44.27,-44.27,-75.36,-43.96,-58.28
108.887,-44.17,-44.17,-76.2,-43.99,-59.67
109.131,-45.14,-45.14,-78.2,-44.54,-67.44
109.375,-46.43,-46.43,-80.58,-44.26,-69.39
109.619,-45.5,-45.5,-80.88,-44.35,-67.96
109.863,-43.94,-43.94,-80.55,-44.3,-63.42
110.107,-43.99,-43.99,-81.47,-44.13,-64.11
110.352,-44.22,-44.22,-83.07,-44.6,-68.5
110.596,-43.86,-43.86,-83.7,-44.33,-68.86
110.84,-45.39,-45.39,-86.42,-44.19,-68.21
111.084,-44.47,-44.47,-86.99,-44.61,-60.1
111.328,-43.39,-43.39,-87.02,-44.32,-60.28
111.572,-43.72,-43.72,-88.53,-44.54,-67.29
111.816,-44.2,-44.2,-90.23,-44.53,-67.74
112.061,-44.78,-44.79,-92.21,-44.08,-69.2
112.305,-45.24,-45.23,-94.08,-44.78,-68.39
112.549,-43.81,-43.81,-94.21,-44.54,-67.91
112.793,-43.0,-42.99,-94.46,-44.51,-67.99
113.037,-43.54,-43.54,-96.55,-44.73,-67.66
113.281,-44.75,-44.75,-98.92,-44.09,-69.28
113.525,-45.73,-45.74,-101.56,-44.8,-66.25
113.77,-46.48,-46.47,-103.84,-44.67,-64.81
114.014,-46.27,-46.28,-105.28,-44.59,-66.45
114.258,-45.15,-45.15,-105.83,-44.87,-67.95
114.502,-44.75,-44.74,-106.88,-44.15,-69.62
114.746,-45.95,-45.96,-109.47,-44.82,-67.73
114.99,-45.39,-45.39,-111.26,-44.66,-67.03
115.234,-43.88,-43.88,-110.98,-44.73,-68.29
115.479,-45.91,-45.86,-114.7,-45.05,-69.63
115.723,-46.41,-46.48,-117.07,-44.21,-69.63
115.967,-47.39,-47.41,-120.0,-44.83,-68.13
116.211,-46.49,-46.45,-120.0,-44.61,-67.33
116.455,-46.2,-46.16,-120.0,-44.82,-68.7
116.699,-46.09,-46.1,-120.0,-45.3,-70.68
116.943,-46.18,-46.23,-120.0,-44.29,-70.22
117.188,-46.96,-46.79,-120.0,-44.76,-69.77
117.432,-46.42,-46.39,-120.0,-44.65,-68.8
117.676,-46.32,-46.18,-120.0,-44.81,-69.32
117.92,-46.04,-45.45,-120.0,-45.49,-71.48
118.164,-46.56,-46.37,-120.0,-44.5,-72.13
118.408,-46.94,-46.13,-120.0,-44.56,-71.98
118.652,-46.38,-42.62,-120.0,-44.75,-72.35
118.896,-45.55,-40.49,-120.0,-44.85,-72.1
119.141,-44.85,-33.63,-120.0,-45.46,-72.85
119.385,-46.1,-24.74,-120.0,-44.84,-71.92
119.629,-45.89,-7.39,-120.0,-44.38,-71.75
119.873,-37.77,6.14,-107.81,-44.78,-72.07
120.117,-37.39,5.92,-108.03,-45.01,-72.39
120.361,-44.97,-8.43,-120.0,-45.25,-73.54
120.605,-46.85,-25.05,-120.0,-45.14,-71.91
120.85,-47.04,-34.51,-120.0,-44.37,-71.99
121.094,-46.81,-40.1,-120.0,-44.7,-71.96
121.338,-45.93,-42.84,-120.0,-45.23,-72.67
121.582,-45.89,-45.3,-120.0,-45.06,-73.24
121.826,-46.78,-46.11,-120.0,-45.22,-70.96
122.07,-48.95,-48.49,-120.0,-44.53,-70.83
122.314,-49.73,-48.93,-120.0,-44.62,-71.48
122.559,-49.79,-50.01,-120.0,-45.34,-72.04
122.803,-48.17,-48.22,-120.0,-44.99,-72.22
123.047,-47.26,-47.14,-120.0,-45.11,-69.49
123.291,-48.38,-48.33,-120.0,-44.74,-69.39
123.535,-49.51,-49.55,-120.0,-44.68,-70.94
123.779,-47.62,-47.56,-120.0,-45.31,-70.91
124.023,-47.28,-47.31,-120.0,-44.95,-71.72
124.268,-48.89,-48.87,-120.0,-44.97,-69.49
124.512,-48.23,-48.2,-120.0,-44.87,-69.33
124.756,-47.21,-47.25,-120.0,-44.83,-71.06
125.0,-50.34,-50.29,-120.0,-48.28,-73.42
