metric,label,dir,method,n,mean,std,median,q1,q3,floor_p95
snr_imp_scaled,SNR improvement [dB],↑,B01,22,17.934608056687786,5.0432757434354585,17.026268203545506,14.421559126636524,21.2537132103584,
snr_imp_scaled,SNR improvement [dB],↑,B02,22,17.869312959369395,6.713702845357028,15.721504840173822,12.51786258592179,23.057091551863714,
snr_imp_scaled,SNR improvement [dB],↑,M00,22,2.5576156357249804,0.8328566083638218,2.269013943042533,2.0199163040881003,2.595663009763301,
snr_imp_scaled,SNR improvement [dB],↑,M01,22,13.031400911976675,3.764622658680943,11.890328204575574,10.325567017603444,15.793296867802482,
snr_imp_scaled,SNR improvement [dB],↑,M02,22,10.837171491251773,3.3152571524309162,10.796448486410316,9.010922709503053,12.810369643820604,
snr_imp_scaled,SNR improvement [dB],↑,M03,22,10.407256077945299,2.7243195651178826,10.16355583634402,8.91589299284297,12.37343782194493,
snr_imp_scaled,SNR improvement [dB],↑,M04,22,13.120142774365407,5.711743414240923,11.480099580097477,8.307829994367838,17.794458723788765,
snr_imp_scaled,SNR improvement [dB],↑,M04np,22,13.120142774365407,5.711743414240923,11.480099580097477,8.307829994367838,17.794458723788765,
snr_imp_scaled,SNR improvement [dB],↑,M05,22,11.030259556675157,3.20745332277178,10.986663297586123,8.259408765232447,12.789438997843462,
snr_imp_scaled,SNR improvement [dB],↑,M05f,22,9.448713882129322,2.8366183111474212,9.38304957833563,7.051344982438517,10.667589417699773,
snr_imp_scaled,SNR improvement [dB],↑,M06,22,14.368963604910805,3.0028540890223683,14.370302430916759,12.75897673181367,16.151790172177503,
snr_imp_scaled,SNR improvement [dB],↑,M07,22,13.157804298975435,2.738239272507789,13.008746296709173,11.814632591629309,14.972731437293609,
snr_imp_scaled,SNR improvement [dB],↑,M08,22,14.660763816007556,3.0525941905724845,14.891141212777828,13.181923544801368,16.17775044232188,
snr_imp_scaled,SNR improvement [dB],↑,M_FE,22,12.11020960685827,4.858481758677119,10.888711809996671,7.873759620137487,15.982795163744072,
rmse,RMSE [mV],↓,B01,22,0.0470620125949069,0.028873858853191634,0.049398121435642775,0.021899427346369977,0.058998702933894295,0.0042072458752093
rmse,RMSE [mV],↓,B02,22,0.04862427797075726,0.029669749989303225,0.04209371135403802,0.027386955234561007,0.06787702560464358,0.0042072458752093
rmse,RMSE [mV],↓,M00,22,0.24852375485849915,0.09842227429863562,0.21749557922202387,0.18221312183085936,0.2985365801280274,0.0042072458752093
rmse,RMSE [mV],↓,M01,22,0.08425055880198982,0.05481644555873642,0.06412767501943356,0.05157544102301159,0.1027837044698979,0.0042072458752093
rmse,RMSE [mV],↓,M02,22,0.08097318704583223,0.04211907728615845,0.07169323201505248,0.050253849149644016,0.10461056382455719,0.0042072458752093
rmse,RMSE [mV],↓,M03,22,0.08992927559100115,0.054508993457988715,0.0748996847070122,0.054884974104239564,0.10044668860549696,0.0042072458752093
rmse,RMSE [mV],↓,M04,22,0.11501780127694317,0.09034443162976473,0.07804746329752349,0.05516044818364451,0.16407457121135235,0.0042072458752093
rmse,RMSE [mV],↓,M04np,22,0.11501780127694317,0.09034443162976473,0.07804746329752349,0.05516044818364451,0.16407457121135235,0.0042072458752093
rmse,RMSE [mV],↓,M05,22,0.07279540645915783,0.03807120421700532,0.06854965155627088,0.04614091260807503,0.09233442221335053,0.0042072458752093
rmse,RMSE [mV],↓,M05f,22,0.08790446742933243,0.050088421701469876,0.07755858827178627,0.0519100946036234,0.09947888300662508,0.0042072458752093
rmse,RMSE [mV],↓,M06,22,0.04454342780018252,0.02068165828360674,0.04268703594995768,0.027071566455815706,0.05709083220617559,0.0042072458752093
rmse,RMSE [mV],↓,M07,22,0.050624868268734406,0.02354486192394786,0.04975618606693831,0.030432628202834197,0.06323173673762561,0.0042072458752093
rmse,RMSE [mV],↓,M08,22,0.04468563893671644,0.019835514238000066,0.043211967000087434,0.03094388556490993,0.056086990047045406,0.0042072458752093
rmse,RMSE [mV],↓,M_FE,22,0.12207174707825952,0.09406123020438475,0.07956596401996106,0.05857209696083385,0.16884937931638422,0.0042072458752093
cc,Pearson CC,↑,B01,22,0.9757573730289313,0.016480136984767395,0.9796953104622583,0.963637059642694,0.9894339904859062,5.082376370564301e-05
cc,Pearson CC,↑,B02,22,0.9731751342963957,0.015314665183893848,0.9751839580918519,0.9631938570625062,0.9837844569650946,5.082376370564301e-05
cc,Pearson CC,↑,M00,22,0.7753776087543508,0.06106168825980368,0.7959803284322726,0.7630961209705776,0.8152574241707932,5.082376370564301e-05
cc,Pearson CC,↑,M01,22,0.9443235534817108,0.0217911696786181,0.944983653679133,0.9263431073120141,0.9543333927672581,5.082376370564301e-05
cc,Pearson CC,↑,M02,22,0.9490435083209796,0.020168537590495646,0.9501917104367195,0.9310654384199248,0.9624345924960138,5.082376370564301e-05
cc,Pearson CC,↑,M03,22,0.937420394914874,0.02513573168186861,0.9365875671914703,0.9243441501099098,0.9509770975651842,5.082376370564301e-05
cc,Pearson CC,↑,M04,22,0.9149865808368415,0.04769632914063994,0.9250342902981785,0.8827299457376288,0.9459049221389874,5.082376370564301e-05
cc,Pearson CC,↑,M04np,22,0.9149865808368415,0.04769632914063994,0.9250342902981785,0.8827299457376288,0.9459049221389874,5.082376370564301e-05
cc,Pearson CC,↑,M05,22,0.9564645200745534,0.02140474796212727,0.9568615939865615,0.9343721067207458,0.9719026057286435,5.082376370564301e-05
cc,Pearson CC,↑,M05f,22,0.9428655183429595,0.025518426217947643,0.9505818548124119,0.9244098220803476,0.9616895249944482,5.082376370564301e-05
cc,Pearson CC,↑,M06,22,0.9797046822895044,0.028163471370475632,0.9893660255465537,0.9825331766140407,0.9913493648731424,5.082376370564301e-05
cc,Pearson CC,↑,M07,22,0.9777688861111734,0.020876503355662213,0.9837352647852786,0.9790313923343145,0.9876482299314969,5.082376370564301e-05
cc,Pearson CC,↑,M08,22,0.9794844583222101,0.025607468894489043,0.9863178252587834,0.9799766258128922,0.9892264267190223,5.082376370564301e-05
cc,Pearson CC,↑,M_FE,22,0.9093685511568341,0.04993610225165885,0.917460642780181,0.8806453856264188,0.9380256669045957,5.082376370564301e-05
se,R-peak Se,↑,B01,22,0.9934614063120932,0.011915769874221193,0.9988434550422256,0.990711405529954,1.0,
se,R-peak Se,↑,B02,22,0.9868963922194226,0.018501203808369917,0.9910485347985347,0.9869013989776703,0.9990942028985508,
se,R-peak Se,↑,M00,22,0.9867591491214036,0.015552375833299291,0.9891910599879435,0.9845699810322452,0.998792270531401,
se,R-peak Se,↑,M01,22,0.9866980543022443,0.01568251753058453,0.9891910599879435,0.9845699810322452,0.998792270531401,
se,R-peak Se,↑,M02,22,0.9868239186605013,0.015887087211954948,0.988614723862221,0.9856859410430839,0.9990942028985508,
se,R-peak Se,↑,M03,22,0.9830942101399319,0.021113685040073524,0.9887242538881884,0.9768518518518519,0.9980345911949685,
se,R-peak Se,↑,M04,22,0.9866951450251414,0.016268131947539826,0.9902218152218152,0.9848550567483554,0.998792270531401,
se,R-peak Se,↑,M04np,22,0.9866951450251414,0.016268131947539826,0.9902218152218152,0.9848550567483554,0.998792270531401,
se,R-peak Se,↑,M05,22,0.9853473044334403,0.017106176091417537,0.9895688617208483,0.9799915574557734,0.998792270531401,
se,R-peak Se,↑,M05f,22,0.98448488825324,0.022375562786457623,0.9895574855252274,0.9806662975267626,0.998792270531401,
se,R-peak Se,↑,M06,22,0.9912061563241583,0.013084321522083636,0.9934275793650793,0.9906809385582971,1.0,
se,R-peak Se,↑,M07,22,0.986646363291208,0.024987237349967363,0.9921215880893299,0.9886807181889149,1.0,
se,R-peak Se,↑,M08,22,0.9893215184963775,0.018398956325483377,0.9953466530054644,0.9906809385582971,1.0,
se,R-peak Se,↑,M_FE,22,0.9867591491214036,0.015552375833299291,0.9891910599879435,0.9845699810322452,0.998792270531401,
ppv,R-peak PPV,↑,B01,22,0.998270075425862,0.004384039338954649,1.0,1.0,1.0,
ppv,R-peak PPV,↑,B02,22,0.9771097490779219,0.026898161978197055,0.983847120689226,0.9627732166960432,0.9997146118721462,
ppv,R-peak PPV,↑,M00,22,0.9750983066459703,0.026117283672299894,0.9817114946940315,0.9560569560851258,0.9978537192088339,
ppv,R-peak PPV,↑,M01,22,0.9751785504462773,0.025744070496568933,0.9817114946940315,0.9560569560851258,0.9982899468417761,
ppv,R-peak PPV,↑,M02,22,0.9757833242870526,0.025966580376077904,0.983011803011803,0.9572025207109676,0.9987431945907974,
ppv,R-peak PPV,↑,M03,22,0.9816136158663528,0.018703085693191436,0.9875443262411348,0.9696035502391915,0.9987186655484112,
ppv,R-peak PPV,↑,M04,22,0.9759235025779833,0.025701927770167728,0.9843056453350572,0.9564763620963483,0.9978537192088339,
ppv,R-peak PPV,↑,M04np,22,0.9759235025779833,0.025701927770167728,0.9843056453350572,0.9564763620963483,0.9978537192088339,
ppv,R-peak PPV,↑,M05,22,0.9792627121521246,0.023769930580879645,0.99278477816619,0.9601798727048444,0.9987966133942162,
ppv,R-peak PPV,↑,M05f,22,0.9783463755701557,0.024688242826342077,0.9879855606478596,0.9607568146274021,0.9997146118721462,
ppv,R-peak PPV,↑,M06,22,0.9980784816018019,0.005586371026760888,1.0,0.9992897727272727,1.0,
ppv,R-peak PPV,↑,M07,22,0.9951799822698214,0.011266428667292747,1.0,0.9961824123588829,1.0,
ppv,R-peak PPV,↑,M08,22,0.9968256723181564,0.00819028196014036,1.0,0.9983569182389938,1.0,
ppv,R-peak PPV,↑,M_FE,22,0.9753339387517719,0.025741154880972263,0.9817114946940315,0.9560569560851258,0.9978537192088339,
rpeak_mae_ms,R-peak MAE [ms],↓,B01,22,2.4417985045991655,4.210348440740328,1.0682784922336006,0.7697122541201489,1.6025552765218647,0.0456965394853594
rpeak_mae_ms,R-peak MAE [ms],↓,B02,22,2.734097321485496,4.339671806841837,1.407274007266826,0.8401000432012131,1.8959658552290386,0.0456965394853594
rpeak_mae_ms,R-peak MAE [ms],↓,M00,22,2.635048595778998,4.307710166289524,1.3699432702951442,0.7886323763955344,1.7937860683704496,0.0456965394853594
rpeak_mae_ms,R-peak MAE [ms],↓,M01,22,2.6376472212040243,4.308620635763448,1.3699432702951442,0.7829505582137162,1.7965034596747973,0.0456965394853594
rpeak_mae_ms,R-peak MAE [ms],↓,M02,22,2.6942201456486323,4.377938701219309,1.2986287645611618,0.846334670231729,1.6871379789248426,0.0456965394853594
rpeak_mae_ms,R-peak MAE [ms],↓,M03,22,2.8873126060288077,4.0636216294665175,1.8300734265307999,0.9968282675711426,2.2037583700896834,0.0456965394853594
rpeak_mae_ms,R-peak MAE [ms],↓,M04,22,2.6373269298033852,4.294000311874306,1.362951281217947,0.7886323763955344,1.7991489623203,0.0456965394853594
rpeak_mae_ms,R-peak MAE [ms],↓,M04np,22,2.6373269298033852,4.294000311874306,1.362951281217947,0.7886323763955344,1.7991489623203,0.0456965394853594
rpeak_mae_ms,R-peak MAE [ms],↓,M05,22,2.78030345006982,4.346177506437873,1.340218015280278,0.9175215068401543,1.557502466863645,0.0456965394853594
rpeak_mae_ms,R-peak MAE [ms],↓,M05f,22,3.093773319216176,4.457817068114254,1.5501548358229345,0.9588592634995785,2.2354175587323533,0.0456965394853594
rpeak_mae_ms,R-peak MAE [ms],↓,M06,22,2.445166393417941,4.491674548957976,1.1169028340080973,0.8394113934351319,1.4688204168434384,0.0456965394853594
rpeak_mae_ms,R-peak MAE [ms],↓,M07,22,2.37396375312354,4.286681546601049,1.0664146505376344,0.9026589028336102,1.3216568852692976,0.0456965394853594
rpeak_mae_ms,R-peak MAE [ms],↓,M08,22,2.3455340490566017,4.232660836816469,1.0613985061108129,0.8375480086584839,1.3668425500920396,0.0456965394853594
rpeak_mae_ms,R-peak MAE [ms],↓,M_FE,22,2.635048595778998,4.307710166289524,1.3699432702951442,0.7886323763955344,1.7937860683704496,0.0456965394853594
qrs_dur_err_ms,QRS duration error [ms],↓,B01,22,17.98237854379406,11.901776020760762,16.046390639876556,8.162672930562492,29.95411881055809,28.072097560975607
qrs_dur_err_ms,QRS duration error [ms],↓,B02,22,17.848202076096406,11.102217041260804,17.985918105540534,10.67932035148094,25.415379373857462,28.072097560975607
qrs_dur_err_ms,QRS duration error [ms],↓,M00,22,35.500368905352964,28.46822162465968,32.53983285233285,14.490106544901066,42.689296268373965,28.072097560975607
qrs_dur_err_ms,QRS duration error [ms],↓,M01,22,20.2762339366959,12.40380524809429,20.63354681506634,10.641057007598361,31.410488309776166,28.072097560975607
qrs_dur_err_ms,QRS duration error [ms],↓,M02,22,26.848576488453897,11.64033521367647,27.97361924567807,17.611609027249266,36.26690932556065,28.072097560975607
qrs_dur_err_ms,QRS duration error [ms],↓,M03,22,33.53391768685264,16.957847918751956,37.39192015155567,22.069605062185122,41.194660578072614,28.072097560975607
qrs_dur_err_ms,QRS duration error [ms],↓,M04,22,18.989375022054553,13.994587875855297,16.88540558667893,5.97724652905574,29.284457610448662,28.072097560975607
qrs_dur_err_ms,QRS duration error [ms],↓,M04np,22,18.989375022054553,13.994587875855297,16.88540558667893,5.97724652905574,29.284457610448662,28.072097560975607
qrs_dur_err_ms,QRS duration error [ms],↓,M05,22,50.719786063234636,24.923612061990536,47.57919225799613,32.27578727086206,60.417952565432635,28.072097560975607
qrs_dur_err_ms,QRS duration error [ms],↓,M05f,22,34.95047436742854,18.546664808295763,33.199509631153454,24.848677248677248,41.244996058904874,28.072097560975607
qrs_dur_err_ms,QRS duration error [ms],↓,M06,22,25.022956476224934,13.449291616182306,30.193081984812927,12.25420168919392,35.10368148224901,28.072097560975607
qrs_dur_err_ms,QRS duration error [ms],↓,M07,22,31.150840257231017,16.643222531091688,35.65497870786463,17.637859302987735,45.577260513935244,28.072097560975607
qrs_dur_err_ms,QRS duration error [ms],↓,M08,22,24.187920410286726,13.621747716821762,29.003173100769914,11.72054332884067,33.93433824658114,28.072097560975607
qrs_dur_err_ms,QRS duration error [ms],↓,M_FE,22,22.870235663114972,16.813310878734274,20.744521393090224,9.315120017305167,37.12486702633073,28.072097560975607
snr_imp_strict,SNR imp. (no gain corr.) [dB],↑,B01,22,17.76437017978549,5.152643457769075,16.737155011741216,14.080308102673444,21.159655391093708,
snr_imp_strict,SNR imp. (no gain corr.) [dB],↑,B02,22,17.855193563036938,6.7036796556673774,15.718910099426143,12.513934934904613,23.011717439744054,
snr_imp_strict,SNR imp. (no gain corr.) [dB],↑,M00,22,3.2591774397139937e-18,2.0935619813637679e-16,0.0,-3.2959746043559335e-17,5.551115123125783e-17,
snr_imp_strict,SNR imp. (no gain corr.) [dB],↑,M01,22,12.519210645925693,3.8939015839629523,11.445521233048922,9.838161160075995,15.388211756083773,
snr_imp_strict,SNR imp. (no gain corr.) [dB],↑,M02,22,10.444605117988427,3.3820530035738456,10.470883198812569,8.488597085372103,12.501107709398738,
snr_imp_strict,SNR imp. (no gain corr.) [dB],↑,M03,22,9.988141891631876,2.8359604890549095,9.718401461240308,8.653247188892557,11.944128051745109,
snr_imp_strict,SNR imp. (no gain corr.) [dB],↑,M04,22,12.240593375015044,6.0770669979437955,11.070902117309892,7.4132280055748865,17.38268711332487,
snr_imp_strict,SNR imp. (no gain corr.) [dB],↑,M04np,22,12.240593375015044,6.0770669979437955,11.070902117309892,7.4132280055748865,17.38268711332487,
snr_imp_strict,SNR imp. (no gain corr.) [dB],↑,M05,22,10.713908338274617,3.3133554829508904,10.639945470322315,7.875782000865735,12.633306305094681,
snr_imp_strict,SNR imp. (no gain corr.) [dB],↑,M05f,22,9.147677909851694,2.963842360327173,9.102180853510378,6.396846718961735,10.602688567619126,
snr_imp_strict,SNR imp. (no gain corr.) [dB],↑,M06,22,14.280411003433757,3.006159362339389,14.184170902513323,12.705276663650146,16.097659208806167,
snr_imp_strict,SNR imp. (no gain corr.) [dB],↑,M07,22,13.024721362999797,2.7238941290242877,12.942594003886988,11.747554524833102,14.917736152114992,
snr_imp_strict,SNR imp. (no gain corr.) [dB],↑,M08,22,14.499557576764689,3.0526096104845752,14.633216759616825,13.032966016812686,15.928306301085499,
snr_imp_strict,SNR imp. (no gain corr.) [dB],↑,M_FE,22,11.154004636756332,5.255921597919845,10.41905277556518,6.467754937071611,15.261353997483132,
gain_bias,gain bias α*,→1,B01,22,0.962307711429245,0.030047902678436985,0.9655942790813608,0.9377874899057399,0.987218405160382,0.0001932101599539
gain_bias,gain bias α*,→1,B02,22,0.9997616155800609,0.004384023674517681,0.9999289974184833,0.9972822505106878,1.001132698511957,0.0001932101599539
gain_bias,gain bias α*,→1,M00,22,0.6318384175330665,0.094571720733163,0.6650485744819,0.6104605443744922,0.6960484584624649,0.0001932101599539
gain_bias,gain bias α*,→1,M01,22,0.906749202299245,0.03912395984423971,0.9084048966513709,0.8774502515707591,0.9329668356108436,0.0001932101599539
gain_bias,gain bias α*,→1,M02,22,0.947856470352433,0.03645583792381345,0.9431714948740734,0.9236299016572583,0.970349908536288,0.0001932101599539
gain_bias,gain bias α*,→1,M03,22,0.9489050517317612,0.04756995809698437,0.9509520077598512,0.9184082997148694,0.9735570900504043,0.0001932101599539
gain_bias,gain bias α*,→1,M04,22,0.8574080606284548,0.076611365824853,0.8783442170954867,0.8016076706498336,0.9027570792137085,0.0001932101599539
gain_bias,gain bias α*,→1,M04np,22,0.8574080606284548,0.076611365824853,0.8783442170954867,0.8016076706498336,0.9027570792137085,0.0001932101599539
gain_bias,gain bias α*,→1,M05,22,0.9800819940578119,0.04527065416130784,0.97469608262612,0.9446550825144573,1.0000872618997863,0.0001932101599539
gain_bias,gain bias α*,→1,M05f,22,0.9421731822876261,0.03439945643327982,0.9487933041930454,0.9261462722654306,0.9660287444165377,0.0001932101599539
gain_bias,gain bias α*,→1,M06,22,1.0099083435758582,0.021108281154541945,1.01039310052546,0.9985119231468305,1.015573311225962,0.0001932101599539
gain_bias,gain bias α*,→1,M07,22,1.0103815331384767,0.040889407338132955,0.999313225938461,0.9862665107787039,1.024826529821653,0.0001932101599539
gain_bias,gain bias α*,→1,M08,22,1.0126434745612445,0.03112806313200608,1.0033225558717183,0.9967528826776516,1.016652620970095,0.0001932101599539
gain_bias,gain bias α*,→1,M_FE,22,0.848003312253367,0.07932639403165946,0.8595367588496996,0.7976487403792205,0.8913115536588168,0.0001932101599539
prdn,PRDN [%],↓,B01,22,15.677880405030004,6.6313642386838,14.751171414046262,11.336402610556396,20.862399861777686,1.0082122067908028
prdn,PRDN [%],↓,B02,22,16.085994966163984,5.6722877210658975,17.3308762075848,12.678203973661804,20.19602579714119,1.0082122067908028
prdn,PRDN [%],↓,M00,22,87.02678424760713,21.42396817560961,79.77651079330016,72.77110161488753,89.95763118860327,1.0082122067908028
prdn,PRDN [%],↓,M01,22,27.391152883777035,8.097811322120577,27.598166675824643,22.241626569510636,33.02953630169378,1.0082122067908028
prdn,PRDN [%],↓,M02,22,27.320226736728884,6.869084387276555,27.699769699329725,21.349942320814325,33.273538378074676,1.0082122067908028
prdn,PRDN [%],↓,M03,22,29.770644825046972,7.903279433354335,29.846854181571164,26.32053565658505,33.46590572204033,1.0082122067908028
prdn,PRDN [%],↓,M04,22,36.562451100909584,17.109219273893046,31.75784416947471,26.2418391993345,49.03223877300335,1.0082122067908028
prdn,PRDN [%],↓,M04np,22,36.562451100909584,17.109219273893046,31.75784416947471,26.2418391993345,49.03223877300335,1.0082122067908028
prdn,PRDN [%],↓,M05,22,24.997153594650488,7.4780049525131105,24.878740098280392,19.47859600948904,32.10224771209107,1.0082122067908028
prdn,PRDN [%],↓,M05f,22,29.581377870753634,8.123108136021301,28.519962458757522,23.30830915711139,35.040897043181516,1.0082122067908028
prdn,PRDN [%],↓,M06,22,16.28248029112225,9.365282453064019,13.532113087677077,11.484070735034356,15.99923672853588,1.0082122067908028
prdn,PRDN [%],↓,M07,22,18.0186704441308,7.946785583889196,16.162220091827876,14.005231885896618,19.03316888115775,1.0082122067908028
prdn,PRDN [%],↓,M08,22,16.18862883749537,8.564973384259357,14.418138376623666,12.495129200582268,17.081453370548797,1.0082122067908028
prdn,PRDN [%],↓,M_FE,22,39.09042831068775,17.66701589387157,36.062927636223776,28.23323741237679,49.594738507442955,1.0082122067908028
r_amp_err_pct,R amplitude error [%],↓,B01,22,4.2867202551512085,3.7214785853803725,3.461865011016334,2.5721922007401936,4.280883153106193,0.2263342296359103
r_amp_err_pct,R amplitude error [%],↓,B02,22,8.175390676239026,4.542389919534716,8.036831279279491,5.399522724993417,10.753840804935448,0.2263342296359103
r_amp_err_pct,R amplitude error [%],↓,M00,22,58.52881799403664,61.12725205752542,32.67866064735045,19.091545696984923,68.97009817380271,0.2263342296359103
r_amp_err_pct,R amplitude error [%],↓,M01,22,5.737262559216786,3.1971521982769127,5.41711121996049,4.272420671507522,6.311216898412338,0.2263342296359103
r_amp_err_pct,R amplitude error [%],↓,M02,22,12.725283014562732,6.891166950101581,12.173669090015625,6.327607806537701,18.26689652517136,0.2263342296359103
r_amp_err_pct,R amplitude error [%],↓,M03,22,14.378840819552119,10.734795223861559,12.15049893776568,8.435249513526507,16.465634353215123,0.2263342296359103
r_amp_err_pct,R amplitude error [%],↓,M04,22,6.755919065446366,5.2478042154319695,5.9302612605347225,2.77150309232709,8.290149410885103,0.2263342296359103
r_amp_err_pct,R amplitude error [%],↓,M04np,22,6.755919065446366,5.2478042154319695,5.9302612605347225,2.77150309232709,8.290149410885103,0.2263342296359103
r_amp_err_pct,R amplitude error [%],↓,M05,22,10.513043419529632,7.749040240886178,7.956076934736764,5.974394659429766,11.55250875809919,0.2263342296359103
r_amp_err_pct,R amplitude error [%],↓,M05f,22,9.905095987558296,9.656882912829515,6.865358170712188,5.002389524109111,10.072034997523492,0.2263342296359103
r_amp_err_pct,R amplitude error [%],↓,M06,22,4.935257083632684,4.152959503745323,3.0906027192360748,2.614979042687844,4.8899898528328585,0.2263342296359103
r_amp_err_pct,R amplitude error [%],↓,M07,22,5.890868924437564,4.780183222782551,3.853357438987911,2.9750268304769674,6.223498860330579,0.2263342296359103
r_amp_err_pct,R amplitude error [%],↓,M08,22,4.804285958326046,4.367773762570187,3.094044477535837,2.5578312127429292,4.740555261369425,0.2263342296359103
r_amp_err_pct,R amplitude error [%],↓,M_FE,22,7.349457566979144,5.720153504301498,6.654098830921286,2.8893636805546836,9.490982333591957,0.2263342296359103
beat_cc,beat template CC,↑,B01,22,0.9986283013763319,0.0015055016744744004,0.9989338276648767,0.9984249154617593,0.9994245976688159,4.0477789028936506e-07
beat_cc,beat template CC,↑,B02,22,0.993278180137919,0.004417375721985338,0.993530104134968,0.9910470961649512,0.996517863337273,4.0477789028936506e-07
beat_cc,beat template CC,↑,M00,22,0.9934824032954489,0.0059921400751710464,0.9956110659564124,0.9920658799904385,0.9968534504039819,4.0477789028936506e-07
beat_cc,beat template CC,↑,M01,22,0.9973185082857278,0.002049148460426118,0.997952912113375,0.9967795204843583,0.998547943681416,4.0477789028936506e-07
beat_cc,beat template CC,↑,M02,22,0.9913154748483509,0.007670291808726485,0.9940462482388432,0.9872479398979834,0.99699827803793,4.0477789028936506e-07
beat_cc,beat template CC,↑,M03,22,0.9920047847300978,0.007771594253702498,0.9943736698206125,0.9900079720902808,0.996346118792234,4.0477789028936506e-07
beat_cc,beat template CC,↑,M04,22,0.9963511771012736,0.004449953022773117,0.9976513237929734,0.995829288779692,0.9987212776992105,4.0477789028936506e-07
beat_cc,beat template CC,↑,M04np,22,0.9963511771012736,0.004449953022773117,0.9976513237929734,0.995829288779692,0.9987212776992105,4.0477789028936506e-07
beat_cc,beat template CC,↑,M05,22,0.9929620888154972,0.005576312716646944,0.9947727801200049,0.98977832892144,0.9972881045134995,4.0477789028936506e-07
beat_cc,beat template CC,↑,M05f,22,0.9900024625483642,0.008667275643935185,0.9942104333075397,0.98521884703486,0.9964463634196233,4.0477789028936506e-07
beat_cc,beat template CC,↑,M06,22,0.9926076452848139,0.014153951885115337,0.9978264544687367,0.9941332729189192,0.9988524790961661,4.0477789028936506e-07
beat_cc,beat template CC,↑,M07,22,0.9915779209160892,0.012604847104012235,0.9970188962229468,0.9933749131861759,0.9982770204267739,4.0477789028936506e-07
beat_cc,beat template CC,↑,M08,22,0.9941288933751996,0.01202585362656347,0.9982508000535102,0.9968770919172637,0.9991640295815103,4.0477789028936506e-07
beat_cc,beat template CC,↑,M_FE,22,0.9960886177524853,0.004576539685349446,0.9968153890573059,0.9956426557135759,0.9985136267602801,4.0477789028936506e-07
hr_err_bpm,HR error [bpm],↓,B01,22,0.2022638031574944,0.3186152241119516,0.13868090693024637,0.006482730007260666,0.22056238220069183,0.0
hr_err_bpm,HR error [bpm],↓,B02,22,1.1673399203097787,2.0207790274756414,0.2550009100093682,0.12461274051040434,0.9237115313676199,0.0
hr_err_bpm,HR error [bpm],↓,M00,22,1.2290763824775308,2.1229741608957173,0.2550009100093682,0.11280056971914743,0.9893447581749962,0.0
hr_err_bpm,HR error [bpm],↓,M01,22,1.232776174520524,2.1137848720876713,0.2550009100093682,0.1427552021170125,0.9893447581749962,0.0
hr_err_bpm,HR error [bpm],↓,M02,22,1.2899631718062645,2.1940897355163735,0.2550009100093682,0.16372260025864538,0.9666275676099753,0.0
hr_err_bpm,HR error [bpm],↓,M03,22,0.5967547618119832,1.2141699565685147,0.19739910348130607,0.12195177247354941,0.4677719799068969,0.0
hr_err_bpm,HR error [bpm],↓,M04,22,1.224657091703265,2.1039455800964206,0.2550009100093682,0.11192227145152053,0.9893447581749962,0.0
hr_err_bpm,HR error [bpm],↓,M04np,22,1.224657091703265,2.1039455800964206,0.2550009100093682,0.11192227145152053,0.9893447581749962,0.0
hr_err_bpm,HR error [bpm],↓,M05,22,1.1754770200224038,2.062002282604534,0.21135845991014196,0.07661768924349784,0.8718180435183742,0.0
hr_err_bpm,HR error [bpm],↓,M05f,22,1.2644444738238885,2.1616265260695973,0.24918937524749118,0.0796433729490816,0.9179751858334256,0.0
hr_err_bpm,HR error [bpm],↓,M06,22,0.22191605650261972,0.33638395087766804,0.09320201316252685,0.03381970639687193,0.19421483183976207,0.0
hr_err_bpm,HR error [bpm],↓,M07,22,0.2605125694038341,0.4729721039654398,0.10500745250447707,0.0655182487237882,0.2172916932175378,0.0
hr_err_bpm,HR error [bpm],↓,M08,22,0.24434133853143783,0.41762005280078124,0.11192684270881692,0.04393373992166675,0.24199294121359025,0.0
hr_err_bpm,HR error [bpm],↓,M_FE,22,1.230962631508419,2.119150218965521,0.2550009100093682,0.11280056971914743,0.9893447581749962,0.0
rpeak_bias_ms,R-peak bias [ms],→0,B01,22,-1.2443839512420343,4.168392464851826,-0.24396198830409357,-0.6297609717868338,0.17521542664985287,0.063183064516129
rpeak_bias_ms,R-peak bias [ms],→0,B02,22,-1.2149859240547547,4.385632581278683,-0.33449894027584726,-0.6263518808777429,0.23189993920014412,0.063183064516129
rpeak_bias_ms,R-peak bias [ms],→0,M00,22,-1.2406864245629912,4.334577848426935,-0.2189327485380117,-0.6546124789916532,0.18275822627533372,0.063183064516129
rpeak_bias_ms,R-peak bias [ms],→0,M01,22,-1.2387528928478122,4.3371369503914625,-0.2189327485380117,-0.6602942971734713,0.18275822627533372,0.063183064516129
rpeak_bias_ms,R-peak bias [ms],→0,M02,22,-1.248472047511599,4.379652059774715,-0.34101372608065494,-0.7272258452743139,0.1828625486368076,0.063183064516129
rpeak_bias_ms,R-peak bias [ms],→0,M03,22,-1.1061872740973984,3.788795382760466,-0.4093215710248411,-0.7259283231489453,0.046028904227782566,0.063183064516129
rpeak_bias_ms,R-peak bias [ms],→0,M04,22,-1.2365587021931959,4.308615970459822,-0.2944883040935673,-0.6558202084602522,0.17791593282475118,0.063183064516129
rpeak_bias_ms,R-peak bias [ms],→0,M04np,22,-1.2365587021931959,4.308615970459822,-0.2944883040935673,-0.6558202084602522,0.17791593282475118,0.063183064516129
rpeak_bias_ms,R-peak bias [ms],→0,M05,22,-0.848022233846855,3.434612709278694,-0.12884279015857963,-0.5548282146596673,0.36814225079802,0.063183064516129
rpeak_bias_ms,R-peak bias [ms],→0,M05f,22,-0.1490447588942329,3.819392382702142,0.31820725389777216,-0.2469270550920338,0.8830246089862681,0.063183064516129
rpeak_bias_ms,R-peak bias [ms],→0,M06,22,-1.2248481308829435,4.520776791015618,-0.18817671252424653,-0.5763510101010101,0.10039350148306685,0.063183064516129
rpeak_bias_ms,R-peak bias [ms],→0,M07,22,-1.3423400911517773,4.251930387625813,-0.28248285561413533,-0.8029416253680959,0.037467033597064554,0.063183064516129
rpeak_bias_ms,R-peak bias [ms],→0,M08,22,-1.2529196569271586,4.211651603203366,-0.30246597115548723,-0.5849504510056763,0.07385202417706657,0.063183064516129
rpeak_bias_ms,R-peak bias [ms],→0,M_FE,22,-1.2406864245629912,4.334577848426935,-0.2189327485380117,-0.6546124789916532,0.18275822627533372,0.063183064516129
psd_logdist,PSD log-distance [dB],↓,B01,22,2.690045482196951,2.530412967460144,1.7682259405663658,0.9139926564198682,3.780892263210571,0.9983052705521224
psd_logdist,PSD log-distance [dB],↓,B02,22,7.893398274412755,6.195675649860524,6.327780537901805,3.4182675070478226,13.632654486063618,0.9983052705521224
psd_logdist,PSD log-distance [dB],↓,M00,22,8.30407783247455,6.057905664882439,7.07572899823122,3.897281804719309,13.60853501291568,0.9983052705521224
psd_logdist,PSD log-distance [dB],↓,M01,22,22.789896813691044,2.584538799448773,23.55850288794425,20.980872892763344,24.688637783313517,0.9983052705521224
psd_logdist,PSD log-distance [dB],↓,M02,22,10.437860392785947,2.0177176122286316,10.62439624529297,8.90068296394712,11.471144051729702,0.9983052705521224
psd_logdist,PSD log-distance [dB],↓,M03,22,6.186300686958749,2.714465310929238,5.334396045965169,3.8871669473659085,8.504323943873011,0.9983052705521224
psd_logdist,PSD log-distance [dB],↓,M04,22,7.791851263809513,5.786910666560623,6.522654682706866,3.276699757405896,13.223947275775505,0.9983052705521224
psd_logdist,PSD log-distance [dB],↓,M04np,22,7.791851263809513,5.786910666560623,6.522654682706866,3.276699757405896,13.223947275775505,0.9983052705521224
psd_logdist,PSD log-distance [dB],↓,M05,22,6.702671216708723,2.967611144071975,6.063582315241495,4.482484420967516,7.997231929293419,0.9983052705521224
psd_logdist,PSD log-distance [dB],↓,M05f,22,5.380593458431113,2.6277488885090166,4.5289244611108606,3.486587351904143,7.398766053623033,0.9983052705521224
psd_logdist,PSD log-distance [dB],↓,M06,22,4.243777332798637,1.2004141822939027,4.149938541319241,3.7892977494433038,5.046532745962989,0.9983052705521224
psd_logdist,PSD log-distance [dB],↓,M07,22,4.7638425015645804,1.7178665922861398,4.7361022709282246,3.286684245704108,5.307243012648039,0.9983052705521224
psd_logdist,PSD log-distance [dB],↓,M08,22,4.797820232278371,1.2576043363751828,4.497090276588406,3.8980365916241846,5.309772770026679,0.9983052705521224
psd_logdist,PSD log-distance [dB],↓,M_FE,22,7.731864347807613,6.2408273089470265,6.252214437178491,3.196733499914685,13.247628017025212,0.9983052705521224
rtf,RTF (latency / signal),↓,B01,22,0.0003844453999338132,2.3528727909015824e-05,0.0003813309631924413,0.00036918130345434797,0.00039649291215684775,
rtf,RTF (latency / signal),↓,B02,22,0.0003563832460888006,2.2636582075995732e-05,0.00035231699653700665,0.0003408773291691129,0.0003709732590095882,
rtf,RTF (latency / signal),↓,M00,22,1.1402357983450829e-06,9.632632654571809e-08,1.1467090290453698e-06,1.0658031341234972e-06,1.2201791605548351e-06,
rtf,RTF (latency / signal),↓,M01,22,0.00014655309898738077,1.3430445453859256e-05,0.00014632140834894218,0.00013894520451584766,0.0001542327673733881,
rtf,RTF (latency / signal),↓,M02,22,0.00016872478826040934,1.443746634793874e-05,0.0001696894215405741,0.00015742936181545198,0.00017497448646079444,
rtf,RTF (latency / signal),↓,M03,22,0.0001802850424890567,1.6207960680432597e-05,0.00018179273681400647,0.00016675446355141806,0.0001904522802103909,
rtf,RTF (latency / signal),↓,M04,22,0.00026431122292302063,1.8695936727762858e-05,0.0002641470173885965,0.00025031178960135654,0.0002716214323072563,
rtf,RTF (latency / signal),↓,M04np,22,0.00026637671755286817,1.924016861658964e-05,0.00026512754098904326,0.0002512788864502606,0.00027505342951978187,
rtf,RTF (latency / signal),↓,M05,22,0.04049727881098041,0.0133873631025778,0.03502447126805035,0.032071840088517295,0.044852955321180665,
rtf,RTF (latency / signal),↓,M05f,22,0.03367989161338255,0.013750262328150633,0.026990782832631847,0.02497209518402946,0.03742842023784002,
rtf,RTF (latency / signal),↓,M06,22,0.001596443932074713,6.610206599973377e-05,0.0015848099201472604,0.0015484301816033825,0.001640256094813392,
rtf,RTF (latency / signal),↓,M07,22,0.0027307480478538483,0.0001181245230492873,0.0027022733131919566,0.002639589269806998,0.0028187651972302777,
rtf,RTF (latency / signal),↓,M08,22,0.001917276618745047,8.710387984505312e-05,0.0018963898395819947,0.0018476955909666989,0.0019854809468723843,
rtf,RTF (latency / signal),↓,M_FE,22,0.00014770049450210838,1.4238684130426593e-05,0.00014833273957669412,0.00013884460034003292,0.00015616548783125634,
